Date,Barcelona,London,Paris,Berlin,Rome,Madrid,Moscow,Istanbul,Kiev,Vienna,Hamburg,Munich,Naples,Athens,Warsaw,Bucharest,Budapest,Sofia,Brussels,Amsterdam,Prague,Birmingham,Stockholm,Minsk,Oslo,Copenhagen,Helsinki,Dublin,Lyon,Marseille,Lille,Geneva,Zurich,Milan,Florence,Nice,Lisbon,Edinburgh,Porto,Glasgow,Reykjavik,Belgrade,Krakow,Seville,Turin,The Hague
2022-03-10,173678.599726814,118972.38189564271,451717.2528716348,421804.19131038943,81629.9090182201,39031.852772570244,131567.1814636213,152606.5128115552,277647.78412661393,344603.3804258094,578777.7278321504,84878.18424761987,450438.8718446358,84203.61605715778,104071.39928462196,370193.17407793924,544315.9139878,158085.34799000906,97698.98080194677,582778.3455445543,307295.0209024874,29338.163370900835,448465.30298902857,511083.50425536884,421289.0217201182,551388.9803530198,149290.27632224845,102785.8704486258,500266.4046789966,541220.5110063481,534106.7730073886,65305.40410729547,346071.50696493266,300556.77844685735,607673.50306689,418430.4659740357,489039.711236911,126498.62590539722,376929.8929945045,207481.39350994668,587270.5179279664,128705.40270791488,64388.6884020493,196882.11728794017,47002.24383282101,
2022-03-11,174204.1588571672,115902.74935215592,433100.0699454697,435520.21940767806,68976.5564300931,36666.998859772226,114813.57184047635,120911.68942899187,261079.85531864394,384210.9136507869,549708.7801388789,97444.90660408132,431319.76587378804,86102.74570871529,106488.91850924758,358924.22327567544,562934.2182403922,168620.49501749824,82923.09353219224,535657.952464072,345558.633997329,26788.963129808628,450148.7262674187,435104.0596840772,411874.1240753717,514039.68983668933,163156.5158380459,105848.93320017828,465001.97545798204,487971.47526679945,548564.5743604228,79387.75778729291,361470.2236460492,333303.165806746,599488.7192868461,344514.973758824,458614.2825161166,113091.12116146465,361832.1128502669,199866.91922677547,648779.6510038598,135913.70395479567,66353.70338256228,262770.60596060945,32941.127196019836,
2022-03-12,166480.96566602643,108636.43269395731,468749.35293453484,429105.42753878655,82724.7585859788,46345.56888598502,113004.54995239434,141197.5255064457,245632.64919995272,289818.37561982364,572680.5393094706,79524.50493509026,371854.661075005,82229.57760390016,127212.55027453188,324028.9746993194,564092.0789954674,157318.55983679794,91017.65492507734,522623.73272841965,265437.7118619432,32475.307989364283,466361.2384784175,532376.0597375986,475174.4247722839,535741.1459643596,148046.93403559606,120089.94363563455,476783.778529713,544804.7789036081,533064.5642222086,81014.19962949515,395385.42442572466,292173.73350210424,587343.1547197811,365989.06763106183,524398.5180121474,122396.24704831083,358393.7960853705,174726.38360774913,613855.0993792233,127470.18017507576,70962.3927450892,182336.35968230112,54524.22375035513,
2022-03-13,172205.41116637556,110807.87307142597,522324.48900990107,459417.05206588167,91207.62243193616,46499.746926066924,126027.84506497381,120070.98088494381,273685.0480639206,294209.75919070444,531663.2586336657,85092.67171196267,400843.0697232665,71772.30401976427,100468.95880268334,377852.96452554717,568223.9143076836,189139.28026878738,88525.33354813312,576031.3518509964,281234.9402496637,32664.389932810947,520483.5159036763,556493.2109421171,427696.87132365606,552573.6344504505,157211.3720405142,94836.39768997299,448058.01496581914,561658.0084032235,513323.53537698137,78693.8745237801,394725.45570947276,303751.68339488166,609641.7877793476,382053.70487484545,521010.6970118403,112808.46629676483,391922.5043032106,191991.16006742124,556379.4277776191,125437.11643647734,65208.561809209,251873.42039367123,48160.62672924619,
2022-03-14,169090.36177571668,99687.16521162789,517045.1803454383,443994.8179696326,79420.35266394175,45291.33892218736,106466.4190936366,145857.33055123317,257153.2271424229,373050.13942585065,648221.1060527818,103087.08225479905,393850.41088118724,82061.51188684341,127118.5593705958,321131.1028797076,525880.747694525,163956.24506614596,83358.62096542714,590787.1752615146,287437.4854367097,32356.043056665312,469410.3991233816,462583.695530382,469225.4607739127,540752.7885908855,170021.40760236053,104974.67833488285,436868.1121850513,629886.8212559498,586154.6885008472,74703.65857445418,442252.78630779247,311073.12934150296,600134.0923688655,439475.6292028339,487315.2163165893,118320.67916190924,411588.15069080214,195858.33400152405,593659.3491069124,123900.28013885021,67646.16562292636,234130.0523069044,43120.52142595789,
2022-03-15,177694.89195641334,109872.83163606752,501336.15174578136,455183.33985842,76228.45239601508,41683.49076392714,125161.84968043304,145383.86778395073,251933.9204449456,352417.37112872105,481094.85720476427,90015.69225748126,402669.8791705847,82050.67766198552,114626.07208938808,389019.8400191448,634059.2986659203,180696.669973613,83177.41344880563,567925.5178961182,311717.6594080609,26173.87373193876,475240.4216147625,490814.4300288735,440713.04750966525,453420.7489968568,161433.4794655984,96687.37232591794,493154.47559914156,552438.9571404137,580146.5117998876,79476.54533652717,362112.037025458,353292.5498120635,592105.4711210787,366275.01896923286,478591.33688204427,142496.16198965014,368519.96220532205,189114.30081924735,666575.3140695504,135115.89590320725,63628.67334559889,190245.7707850635,51817.22209545391,
2022-03-16,172890.97013468487,109620.02066785429,434277.73996948375,408286.98699783336,77452.61484280993,45263.24926409272,122373.66907078015,157602.56332797155,282499.5234378021,357747.7053834988,605586.7213499388,98111.98132187125,371776.8995758736,83258.80714674575,104065.17117268473,437394.4132704014,552240.289304029,167206.24425388876,92273.89990720944,481484.04034168116,304138.2683727184,30706.761001096173,491999.47763947776,422534.90309099667,414368.24864150124,519172.3843821337,142032.7262827822,98775.20228920935,481406.60806807416,446209.8403368257,648964.7856597201,77079.75371751364,410263.35951603693,321348.0744029401,559098.4294716022,358895.3388229214,484802.6801679435,122485.56163078661,402591.0225170525,220537.7087695413,680130.8783647136,137635.63187118573,71509.51787628085,242654.28422548634,43552.00423107473,
2022-03-17,164557.60878164947,114087.37405305344,396945.50347728736,463115.99181405536,82198.67253249748,40888.85353358055,119946.15399588282,159255.92456812086,201057.35484279622,313505.19509424234,610294.2268827972,93677.29980042788,390973.56505645264,80458.7885503847,109464.53641608395,366448.7328594704,461305.60870388773,174608.97326617764,97467.568729204,529092.4196698264,348373.21631036454,31542.95910741657,405019.6761884722,439841.85275605123,441750.23375956534,537494.2562278366,143283.1671430876,102885.6539471027,480469.8450063617,544538.8732657119,537200.3722743936,71306.42584730095,418145.62048606545,319090.8609098304,669173.0385401059,362389.0351458897,485083.28322347184,110006.99995000892,380433.26939442474,204734.5225519269,669064.364620251,117962.87296127215,72946.35864431084,255862.77487619995,45178.53646968084,
2022-03-18,167244.24621198868,107030.95885000975,491539.53418825485,488388.3266274532,67495.78096887296,41512.19706507482,136800.37790598779,147797.06462397065,222273.65897691692,350068.8842913827,512594.2945341231,91162.6064018096,343443.9907565046,81270.75050808469,105364.98001705778,372619.3294141341,498605.0249428911,167439.74538406063,89340.59673317669,539013.7804507408,337224.8801686836,27364.099672646324,475462.8808250458,532297.9064926606,436148.20125855546,522637.6123930258,142435.95820437706,114429.23906610474,473788.976722839,668909.6135434909,581947.600955151,87296.31659118735,404133.98808192404,382700.72640385566,539796.8478946895,429404.17330651975,486116.97323202994,123308.6343633323,351863.114313984,218825.3517642368,635887.7864221956,117929.18064363311,72814.58701401767,241112.62640059364,42906.230348311714,
2022-03-19,164947.9415380842,116232.25108478665,466685.855416361,398546.9255922425,79372.91070346699,37276.04668295852,115336.07787173071,139616.06047272967,225071.324169009,406934.5565945366,648200.9403828341,101965.34600625398,398044.2184632877,83989.25460118816,122185.77676585516,341974.7429054385,466595.4598014702,181715.46079254732,90783.95004755251,445322.9709514703,325718.44096838316,29676.609157428906,433547.0238070704,467755.77661280776,457213.95674130425,520008.32250637515,166424.79363065952,118178.18099389155,461311.8577976225,586691.7187482655,578321.2780248645,73900.569482261,353156.22393587144,340280.2742782865,609480.631355259,293802.44670819724,481826.7868414043,108409.57932338849,371105.86054381094,201320.96936197495,538203.6011308479,127659.74252452415,70613.59555296658,245253.79899817696,50381.23058628054,
2022-03-20,170436.63641283495,121081.50278738356,507873.3399384485,401397.0695755702,75895.40990501337,42146.81482421177,141383.8199224933,151082.63263841943,244025.291743007,373845.8817677757,593905.0168817089,90193.9790772504,407964.42374874465,87239.28501308795,121844.86283159418,304455.2641906694,542825.7009432445,164513.93292560082,94402.71527488923,540256.9957961992,316954.86567649915,29608.39587332652,355728.2073912781,445901.2296643032,406039.5478955417,556439.116863282,186568.29371276806,106998.73376803954,489646.5660791015,513071.73061340017,556518.5234005108,80758.95310682296,425653.005113401,339923.69745777594,574221.5542309295,348683.39113834425,499063.6151078336,109895.32674143171,369846.8035789105,198449.64366721938,621622.7352659954,140374.69344012204,61846.77943368314,226575.95798758857,44314.05485755833,
2022-03-21,187458.7985662421,113399.7356321859,521039.5153224581,478255.0580162441,89923.68130861601,41046.802881946285,119188.86339304752,139295.4392972042,248035.26604153586,355482.3366703988,592833.3740770866,78837.64049502966,386623.0327729515,82204.89250351323,99603.22805632053,338845.8374594461,536791.7735471475,170281.39996877135,83260.34716026425,615389.7938604172,323160.79234619753,34607.95592678529,373101.93843744014,503041.5859118517,429539.7326210359,491632.5837854652,177582.66340885733,100183.40848471229,501960.70161075966,574609.7066504982,606931.0333079363,61327.007160865745,420191.95882121363,321160.36583658,672274.3218850597,461927.1444043537,518660.828339482,111430.6853472976,357806.85664875834,182392.6797671975,538886.0435547912,137360.894659661,67045.12268186384,199403.43510549236,45559.862946500514,
2022-03-22,193137.36632004206,115158.93624686832,498762.7275231817,425467.5306185618,77250.99532155607,36592.45296920018,108977.73296632429,145421.56898688097,222415.15540089764,338401.94192463666,551329.0049108306,86026.90762113477,342908.48663051694,81495.63705182998,112042.7067350371,324885.16350590193,521760.258671879,168580.85836665274,95619.79022389672,547362.5588955546,291699.6802546307,34827.21067976939,414040.5141634018,473176.57200004713,426222.5042017246,467920.6828952241,135840.92792327094,123894.53687847531,501333.3161742403,516094.89306935715,608707.7517169403,83804.920491196,400918.479725091,315159.0533510089,546724.2939906588,397013.9289859083,441038.18594506977,117234.33945705494,391914.47536452353,197354.05900639834,527108.1068359497,112961.00370539376,68245.19743196825,247260.02184256335,49441.33562222141,
2022-03-23,181141.44259170952,112483.30348247058,528668.2635234293,480606.8629629138,88795.94009601849,40682.154288834485,122056.78933672741,156911.4900637205,235729.30517174143,339649.9763966904,540536.1978642616,95988.43389255137,424929.1385255173,84879.41402608153,108896.75530767791,314799.7937530364,629279.6247497543,160003.7345694125,96195.04320449123,582082.214422725,334790.1771746472,26357.6745933596,475386.45574732014,480261.2321848019,457194.3902243883,529410.8692510258,178333.57540819666,99762.29559060231,467723.04454315506,489241.33222834487,593702.4503185668,84974.67493247951,388822.0846210698,273061.4811094284,554655.0857053803,345552.1680504197,448066.63599085767,130666.44156603118,386038.5017444611,197371.79435401465,609752.2135764274,124319.38789315891,68267.83556614228,267088.44628836925,47636.61428191224,
2022-03-24,173962.29964604296,112007.75800292261,509487.3235660215,416784.7042469488,71425.01310669845,40588.91145845435,110927.26759583353,138948.0907460347,239353.50418073052,290980.4543899897,540880.2203568524,94843.42496055014,405271.05525764864,71308.86364970254,129664.29112770311,405066.3014722864,565881.1148757674,169087.2611294711,109081.50452806587,528324.6869193822,285432.0341466326,36652.07035246354,461992.7352077494,530882.1728347581,398864.2762192796,580363.1874883822,172124.72208629045,98575.79088936922,526064.4800788203,533373.1650430317,569008.8016931277,76221.38740992881,389488.06876249984,356596.7785075053,543596.8685583228,377822.67548960255,420756.3055226423,127179.55622874609,330706.41959033563,175602.0330527307,623347.6548521041,118045.4679184891,70966.99243670846,255464.31148887996,45488.132390667975,
2022-03-25,164819.75440055135,105541.4376369765,517716.81832924526,482377.5052765615,82023.20013354925,46723.81710594857,114078.13330229592,154811.86104924878,305655.7862996724,357949.5555852802,567282.153586976,80409.20539773468,370915.77589147043,87472.37681283815,103909.5612444789,363783.239946936,573561.8904903545,193056.98785342573,87561.27631049037,517655.1035859671,334242.9375824324,28083.14957919686,461086.1170669666,450804.5775056517,466561.1837431622,616608.7847131914,140333.32171515308,88627.96693164244,478552.25673886115,552681.5709243166,559841.4401947475,79439.01435938844,380158.19165223156,342817.91361606686,604569.4234496914,381139.6731416505,523090.3054801616,126640.79664332882,328861.0134339623,188655.77808863262,641544.6308155855,123840.75396419982,78588.88789721002,197032.6594925007,49398.13981793253,
2022-03-26,172199.94108482593,114842.96766034258,469917.7409435613,436626.63679205196,80344.4189518484,43771.7150879928,125233.13824130002,153319.35220978045,293008.5827365584,374443.0466873921,611758.750238451,86607.18064016645,384947.67097110365,84253.1012667787,132074.42062776515,366825.7190561436,501697.11277379974,160238.11847686392,86969.21709368649,536587.5131306717,343034.6570758161,32818.90563294256,527308.7598477639,462728.5354450847,448835.94728107203,578770.1635097254,156245.01108256407,114832.24277476322,495407.820032041,466489.41419445,514780.57621696265,79437.45795561741,402179.44244409906,326204.9413552955,524586.2425460296,404754.8202534338,498980.4138419066,110868.60120978145,391799.3282493192,192066.6671100317,622100.1550380505,143364.84600796655,75126.90594645204,205897.9264959625,54769.0336153534,
2022-03-27,163163.41358606657,111135.25937731225,486681.8631874591,441007.7027628431,72895.93284376792,40886.86746037221,126772.68318184445,134328.7489087251,245284.85159129841,306512.57425872446,558075.0292680388,87656.1256754222,346511.84595602175,84524.45312217332,115676.27683542024,347210.6065379475,498745.13390980737,169277.01875169552,95831.20849080943,486720.7073032785,318589.92256140686,32533.962879810686,405435.9569848139,500958.3215748382,383129.1202558415,475619.42092460237,174163.1273308382,111296.67935092433,478103.98146289587,498223.9845891162,535954.3423785189,72129.72673830195,383520.83051815734,327315.3210647074,566758.989716467,434881.4692456731,508957.5862512133,116291.02511845788,354210.8083612434,203687.81626796687,623749.0715017252,111382.71486704065,64970.77208166361,218435.8681864755,46259.54438500887,
2022-03-28,175887.41237604106,130762.96231615881,505652.9650726956,486168.5011798067,79454.42093183349,41662.49052149196,115336.46380514892,156769.05193079528,248280.1915310701,332162.9566552876,509985.3081538594,89246.6062789494,361483.936051303,90732.77616865419,105979.63585654249,351088.32421422016,543670.0730831093,180261.0111767314,96193.3176161259,480557.7023992299,308888.0615220774,27964.598386911715,454497.85093934706,537570.8397736404,474324.7304556228,533977.0436017854,167180.3586867467,123275.31510956609,480466.8575131133,549117.848833896,549033.3434615515,79368.15289994911,356598.4590106097,350438.587230606,487844.99382103875,390877.7508800667,433241.0577705997,124200.02880572686,388081.5150999181,204442.8917231841,551175.2188865608,110373.98980738512,74372.40668328997,204434.42439880988,45882.17981826623,
2022-03-29,174574.06889645377,126105.14302422627,530405.176559952,419576.4781679424,85941.95794192993,40993.94841269045,130965.78366157963,153565.60717486788,232004.5570544377,318245.017114945,586376.9239584665,81815.02925647158,376844.75754336244,71093.84271716278,110484.93836359188,383483.17495018616,549576.5821918339,178721.13354273338,86413.06855988833,573454.8169693137,323338.2514381728,31591.77412530823,466454.0150379068,548128.7152459924,509802.99698185263,555137.3866359635,143359.18432161375,91812.93498275126,443017.1051419469,530748.1882111814,525441.1049252247,71120.84816512455,350475.33160543285,289786.19927523035,600654.2819719673,362723.5056176427,559037.5367087112,115444.9476983291,402598.6158244443,187996.5971154063,593280.3798884283,118384.12881772389,74157.38620810959,235120.4248508618,46058.87979315159,
2022-03-30,176909.78790740052,115464.40303388983,480967.00629163114,399550.30291302904,76313.27210516855,40186.35005045202,132617.5188746573,146623.6824384881,215970.17335443402,323635.270898501,590633.5074526804,87313.02771218543,432486.35866325995,70952.16751000812,109122.88396259096,355090.8648023432,461573.31455748837,163934.50287788443,87365.85434061637,577871.9703699425,241582.55258062645,30072.590703732763,427573.1299369301,470965.0187782872,466241.0830963538,550780.3447251807,167952.93232358366,115345.24300368935,496696.58863832295,565993.6930204631,597188.6956694742,72336.71736648893,359551.53829005396,315330.8907201477,565736.5739710192,402964.259360862,465356.8665257536,118848.03543820462,340397.7212065084,204561.49868776015,526167.7823090064,129564.40750719242,65994.78812860491,241666.09572506786,50151.22368309958,
2022-03-31,182337.73281958295,105169.58177316218,514574.28627414315,416576.320052799,67738.38581318458,37312.13856721537,135324.67226009772,136568.12246295917,251265.83452341444,352221.33726233576,578905.8511782243,86575.7907589593,373641.15367330867,86102.48584032529,103964.94495889146,371126.523349147,534254.7893665032,132552.6880900789,94185.73688478203,479419.1857303502,320880.64676327293,31506.264882226646,452819.4241243846,532211.7804081783,478398.37758400425,563306.14833443,132747.03601124714,103875.02459694467,575075.5350456734,495348.58758888324,628854.4916384588,82895.31450919955,389366.38866971555,300863.89899804204,519164.2164524256,357917.6742570414,495766.7684899222,125846.92946285727,336136.0403578041,194293.9108922904,502414.9605885293,132196.94009003608,75334.4160558308,207484.38661454848,42893.15413376199,
2022-04-01,180138.63288423722,102039.1718945422,488493.2993383636,447717.24352116475,78232.53359537626,40355.83319395927,126518.57930890692,135440.89175881422,235932.19612562805,292237.31793403847,582903.4801075446,97608.99383279384,413956.0722451691,84208.92532179729,118117.27892463772,350429.468297052,542684.2176304965,170551.07664222925,84300.59426212833,561028.4704464244,310463.58482769935,31046.445945839678,398130.6911920102,468598.2266641462,436462.2353236503,505499.3089380694,157274.69823880692,109956.76898550894,458194.3852746849,580008.8797942846,537317.5919137531,81968.93282928082,381742.93971274275,377850.78883303085,640501.1446855284,347755.38481789664,522620.1901992638,118163.37709259927,429684.20866173506,151902.59606451326,633755.4466038374,131710.04191182286,69638.74877967323,248858.16494835194,44562.13767264153,
2022-04-02,169833.16423190167,122680.30986419134,493744.5631056186,377958.7699679843,72686.75277502411,38411.24713064204,134617.0583584483,139182.05671275314,254361.7630898748,367955.7598705343,538172.8994673595,97885.44507536852,376828.8530519254,85403.98334400519,105518.04260340032,346267.0177454158,532743.8278707761,134700.37367128293,87312.61721149334,517082.6757217469,312035.77015113283,33365.73039544753,507778.20042342285,572615.9913973648,375122.7145898547,547729.1309488491,174706.72545492568,89678.81967161338,474437.30057868204,496705.29060754925,591910.2131928578,71742.88478942405,389158.6252285789,354132.27107462776,527668.7964926225,325720.2801517538,450558.89752154145,123753.27517768934,389582.9579393996,189520.55459345912,562257.1773255686,139070.2357735862,62586.753264566665,245558.87188308014,39895.89123693557,
2022-04-03,163430.81229369756,114361.38202813608,529760.9928641289,454116.7855761168,76197.01647484442,36763.48666269362,103114.87204426757,151750.8709264759,222210.6522281451,371872.17820424505,509213.16972961096,90862.1473648183,401598.51569317596,81141.90538764678,96115.17522867065,315941.60667992185,506800.54732211586,183040.81060742657,90924.63579914074,534860.3211143418,331013.53073162585,30508.70251210752,429408.1008259861,451980.84704048245,367120.64393152634,561204.0383081113,160364.75979037432,115427.14402573815,453038.61367247783,620768.947186724,528452.570780488,71577.4168427358,397895.5385048129,272630.2895782592,626891.838390236,331627.4881008014,467803.82593959756,137043.30789993607,366216.55349451094,214185.07179277687,640066.6452644776,108589.42944601187,73112.77510777209,224017.80603909254,41014.917929868425,
2022-04-04,166659.23314779767,116309.35563713899,415186.11110049335,413458.1732689626,77831.2631182405,42520.115235185775,118290.90906218061,134319.0528601588,238651.15864628387,343675.4164846806,511888.64814123564,89051.18871802221,389333.04351044836,88735.00717237373,112680.21289910462,299683.68736645696,518676.53065378417,166001.51661501627,97470.45296537405,539876.1720616556,311430.69578728615,29818.359919784896,527376.8745337361,549178.8449688521,438757.2952844434,577235.8759004883,153737.56920322392,109794.93835494482,449974.0686877424,473354.17841346544,560534.6565264713,72112.6145189557,363368.5051196934,290870.3454914811,556268.5216519808,351906.9893769075,496195.9186275559,119883.75818897327,350613.92620853015,170638.31277059016,651355.4202582835,138315.76593297126,71768.26095479673,231058.51287188457,43307.371702108474,
2022-04-05,175206.52742405207,96374.53413178948,445440.2514314761,471757.5294029134,67652.587704748,42128.10039521263,112959.03522970784,150528.23706783273,258598.60174704308,281117.8884027097,478122.8949489013,92963.6591396328,421291.32201412885,90543.39723560658,99852.91543062637,348562.32557400345,534404.3076464987,176879.19671253252,85911.04243751886,562126.1861294443,284726.1560207773,33053.24057619212,453923.60259494965,471927.1220481626,411355.8494535185,508417.1381003423,171521.94273172258,102973.9118365184,529228.2630024167,500708.55638528056,545362.9820704963,80496.69005887225,427425.10150542343,327444.55059639283,664826.4602270599,343374.5063086182,601010.5073064242,133023.33250619352,363451.90773601196,198943.40012002562,568661.7726867986,123603.59373367505,69258.93516440887,197746.306915713,45211.89525876103,
2022-04-06,178774.51708160498,120317.37008693496,439627.57612605655,349320.35703169275,68216.61609792439,35010.58068624746,122535.56457537074,130989.91986634785,263908.56758439256,322763.59143254755,560523.3690339656,85928.83173038418,376939.26678179245,87519.20454965162,110114.01286416798,357620.93599221704,546011.5951790081,151961.09642499473,76971.49774286782,524150.8593290621,309760.5622691115,31891.471193962272,494264.4915600889,580640.1926116504,401547.7882934105,530349.2167181878,172616.0161479346,108626.42664157134,446739.0200342465,566983.901600979,607318.9838811508,69956.80310959171,374374.52854850504,318440.24788477004,624657.461806107,388593.62938268104,500968.51467613666,126994.51910242114,342834.37848233344,222170.64645461395,626559.9137227519,134669.1935410148,70332.46867954322,228064.44335059493,52032.6851287976,
2022-04-07,190803.51477663824,116078.8625645435,407370.7619560939,404892.77865449345,81363.91681601886,40448.536118838274,115828.95183723439,143063.4300878708,265904.916020004,385313.1129285551,546423.4277823527,83499.86965215736,344248.0771222183,82498.7691308048,109068.73107630963,319381.6532380744,568301.3107236437,143439.2920368829,76435.51610945041,579447.4012907919,314997.9685726296,32373.64754714776,456322.90492547356,525440.8380958566,432760.05034498405,429118.59151205263,176911.16447566438,96969.67566151072,456010.3836654352,621712.6034839478,549912.0322655194,78209.85429869877,369302.71349023056,295884.33253913093,541794.5029219779,342719.06628091185,552048.5844076051,107286.93575488974,405705.2161294246,185168.53678112224,566659.1546309628,114162.01525361715,66485.67160650427,234430.5760475034,47691.674647262065,
2022-04-08,182124.45788823292,102056.92086068516,475561.37829200894,373786.2759334889,75066.5153733557,44103.37370980224,119764.42365420799,146713.5265317229,231134.81250712182,272776.7448989982,530732.982334579,85019.4438458328,350251.893106083,70049.90746580002,109874.33744611286,355029.9797588817,588946.2898669589,167197.51762822346,81181.83740838827,533594.1439479031,316185.4794163756,29076.093495430923,458900.23350592,462884.81486270827,458009.1078516052,522351.0813974133,171329.73877945036,98507.16824097549,415630.3694201554,562492.4151047999,630717.3421731386,80583.1154560655,397331.5753344642,382437.81354643014,546083.1136866922,283754.35524381296,536367.7689350985,110837.36193275801,355378.9680163056,197199.7892714436,509953.137468376,128208.49298342284,73987.11108818313,237455.0557684642,42571.99308948197,
2022-04-09,184940.46264405738,107781.87539725128,542234.978587513,403521.742470098,62268.306361347466,44310.96203685674,139654.2021009578,173886.91506166718,280769.1616578159,340970.07364562195,420025.93047073024,87265.64791230709,377031.6916604494,89441.97331891253,139115.86655798438,357542.7805953327,529309.3097484005,163340.70038984137,80793.61022742238,546706.3915799409,317363.14066624903,28726.13109778977,447332.29564938735,492219.5525785341,394347.6239631361,536995.8201773862,173981.89168253285,99465.71260073918,456078.8129386494,573369.7872872012,583308.4922971271,75503.08871153061,326360.7415768799,339223.2886954651,617867.3069912964,347434.6932197459,503586.05234433786,113448.76306040093,412074.8742052274,176597.28903869653,604207.1570501329,132994.1692688351,70298.62146781021,241393.58783427186,44113.61285136676,
2022-04-10,174966.34695574408,114370.05566405939,499017.83279633103,440642.5791924433,83261.54523796306,44201.85509163895,119729.8362629642,129412.67483747567,245797.40541195963,317612.70555396244,495204.2843950136,83377.47374799049,354438.2963893126,92492.0221489328,120406.89371900627,294606.7035662815,522292.33687410806,157340.58535768287,89160.94756302019,485994.38850238005,339355.8715779496,29783.56103767779,471442.89672321675,542693.5522406761,427687.65305294446,513350.09414715105,169517.92423199466,87985.18151545296,418342.16758115916,549433.9381570615,562437.5873765545,82184.31437051823,358373.2842608917,343519.6996700028,576949.5193784175,364783.61296385695,450472.17434811237,113242.22623069813,366780.7503259811,222832.64950714612,575766.9294215837,141919.13138764008,71483.1906088621,238870.07070891897,51636.73344253705,
2022-04-11,177488.83218834872,112477.13369575847,516068.3643860445,425886.3857527925,80049.65954017139,40976.63094831985,125395.872124807,162564.694089793,274109.5240755524,373295.1290032945,599421.3939183526,93126.45865555463,406710.3318422065,88601.57618276899,121649.45358121346,329948.2382910126,561053.3086806808,164890.26142102576,81691.24065555827,610627.0993126846,286083.951147592,29514.798218025342,476647.60144079046,551303.3181583139,493822.805246651,562737.208576162,163530.63341513218,110416.70873125289,504867.08780019265,503612.3425654024,531732.0359705002,74188.72549272807,412594.09436607815,312626.81315958337,581335.7358300817,360732.1650161159,530657.2478780911,120676.96816700207,347297.2758675801,195851.463109102,577240.4287758674,113361.90079814549,72559.36831168382,229337.46433024647,50521.76172438757,
2022-04-12,176641.47463066847,109388.98431096548,548145.5469964553,423323.24492010224,73868.46182119979,38087.89234240351,119122.46601013189,147181.19227029386,259014.68715129507,331778.6491877944,520847.1754536201,97301.43536068987,379114.33345883666,78327.6215505222,101789.50833508681,367611.1186107828,568563.819100475,200041.25969764421,85202.13707720202,540276.3353500783,317708.5550952801,32734.459158746045,432955.8715130411,502622.9866947467,400791.29839658167,549089.3690684699,161275.76363704886,113142.34610809071,583595.1846981475,527150.4798333253,597569.0657991717,74738.97802005256,329393.3812636731,350071.36370703886,649299.8947781092,425177.3520073335,430555.94187947665,127532.02531988427,366002.50817943574,197901.3490840391,692853.6433940752,128935.08497107035,64027.92361554214,239656.41515300891,46175.58377562351,
2022-04-13,179720.5988677144,111079.68894340126,560428.9840887709,426579.15965142776,70089.49406706999,37307.982934975604,122113.04755425887,150221.7667470017,232324.1942840636,362054.77303158626,565964.611680681,80261.81555712566,468594.6410977724,88798.64283021692,112986.50164209494,367035.65636519826,523244.46867495903,174715.34230303936,84686.97042238564,550406.0286259776,345636.0186614144,33365.57263874446,459611.51788104145,509991.40271133085,470801.62423458934,455646.7004964378,157089.74854559204,97499.79742568983,466199.9703844928,495469.6715129463,630590.5415959257,70095.12607808699,416771.7790079523,320876.22625852836,554022.1277460423,360486.72226727265,551833.8902436438,133760.6423054069,299376.3473674228,218527.63990617124,525270.7939798391,118241.63912002886,65496.94307538178,253073.61567189894,44704.51509108349,
2022-04-14,199848.17638822887,109749.14334133106,509516.4283727795,439112.0541010395,83580.95656855423,41975.618315089814,121436.2775807653,146814.7530692012,256710.43364936797,366586.26487773046,488894.9952113047,92119.36459781489,339044.21268033795,90057.34187942356,122337.93598058005,323154.10070203,576350.1071661316,177532.02230918827,87096.13971923542,453713.8696995207,269827.7730824711,30906.02891241207,446428.0414392069,543641.7918289049,428056.76763586106,569441.6996572788,144598.2860193126,106172.87318484532,421680.94781690795,492537.5992127404,607501.7555985929,82227.58807544751,428816.92643907043,323446.7586677506,593623.5788130837,405810.1637277601,497011.233266028,124551.79902162199,375264.44637485774,207599.56942026474,616630.9241066892,135756.31285064266,58071.99876076321,232502.20076148145,50893.25966128818,
2022-04-15,181845.70186342712,113374.0473588865,565973.7114667753,397220.03670763737,80532.13008678408,42088.9351525115,125731.18329044098,150612.17874212938,270471.440640689,402240.970805716,613409.8829496575,90316.97301022048,400202.47997784487,94764.17843624698,110560.65744891517,360524.6073863267,584554.5859417024,174838.65424352424,99828.97742597053,486434.30386435013,317807.464763027,34753.24324607446,552573.2644508098,518002.7355793563,463451.3372473727,518825.04089504457,147891.26822990988,101101.12037148494,518464.7702624739,566298.2081489218,698284.8622434768,71377.01152876935,371260.5935592563,347125.33445854124,634325.9435432837,378518.2486576735,385468.30677181995,117221.01602111507,373768.4301539112,183354.36168757064,550689.1725328478,138400.74346411126,73730.9622156275,240244.95608124838,43102.32753129515,
2022-04-16,181568.40220490913,125192.39411821058,511735.97904337605,456514.9678315857,93275.34894679047,45056.40715429582,132693.25649543008,143649.64297699227,273647.9860617198,345026.6915384628,543757.492858097,94446.26461440344,358253.5278210703,78351.43257073489,127856.99178287576,385130.984176899,598089.1375609267,183165.61057977908,95058.30038269778,572270.9056075864,298632.5839535188,34372.682507663034,461615.98917064245,457093.60114373156,479389.16798117734,576635.0995560507,156516.42526879086,106008.18673756954,453284.06633165065,499364.3856706276,656342.7223431296,78167.63194844012,391498.9914295872,287819.372439355,627465.7789144918,377810.9465201779,475858.4673731002,101306.43795003835,403926.70908863796,186956.2009400555,641778.4154310076,142654.62998748,63702.719867757354,230802.68314286778,47826.71441690734,
2022-04-17,168925.07759306408,89008.30446580527,470857.92052029364,454987.6916475124,80976.10062499544,44444.15060868258,137374.42612122803,162355.6780782901,256256.41009087567,361271.6934900077,562859.8145256485,91839.3872748175,378243.80569571274,82730.46800634605,107149.08224187623,378143.6315639686,619192.4865883588,161290.57863775088,90394.0683171725,532655.9699006676,304013.1069212069,31398.112416881682,518167.3865711446,472700.1985258137,463828.52029737405,495270.3959641026,163222.20564148753,98109.38030800389,526600.6900894686,562690.415747026,571328.8875063071,75606.07340350005,416818.08160045906,373231.2393603948,581794.4545487604,353758.9350857023,514776.1493110031,122241.42280495047,321743.9168062466,204972.57698363776,612589.2588190504,123122.10088783586,71291.99348431836,222169.71341228284,54368.25424197289,
2022-04-18,189664.00197459798,109884.69075341216,483476.418856581,445391.05385146243,80772.5009908054,40417.34667368058,124384.33593362411,140126.72080204744,292152.94437139423,309053.58404498466,652447.9520917652,81243.6693376501,398242.56199004315,89293.92278276588,116444.12574337001,353298.0270199736,504501.03804905416,136858.52166870152,86947.95145962639,440983.92414244113,290626.2945345724,28969.773629237003,457029.65690270945,517635.478006786,472175.39080764854,555846.515341884,178586.40853319285,95995.14626398312,469411.74205206777,491523.1066429386,574195.4516974017,69635.62100947493,368281.64875402633,335777.43420252646,575698.8537786485,377311.21196679835,479908.215820064,121805.58127515524,414146.2859072477,187321.46051762224,616462.116594362,138783.83595585538,72637.51000323657,244092.68511582646,47073.68075704662,
2022-04-19,188362.86397489186,113588.65196133112,451297.9142041303,451319.05841882946,77296.4014662609,36783.452769920026,127102.48911995179,158611.34644832567,283063.72896470677,384120.988605654,616830.8019962687,82649.9736054511,320531.2646663204,84643.87240947006,114401.32801110769,342683.44732279336,542676.677444861,161310.04289317498,87148.68274479177,563956.5462947504,309055.04901586444,35033.020602342556,476717.211034253,560266.2062881618,403384.264378693,545747.9468242939,159593.6875423235,111989.4141211557,459281.1664130251,561673.3685018487,614646.8272932228,72334.6112425958,409126.5819079128,364862.64606516453,507342.05658221606,355890.47909662884,517165.6370481549,123333.85374368547,403801.1043560874,163770.03807384302,553078.4495460425,144051.8091818355,73943.21778314425,223885.3500117965,43788.52386410327,
2022-04-20,186559.24521910143,114659.27374025238,477428.8206895129,442327.77012224804,83461.67506636714,39806.63757369215,110202.6970682243,137940.54702503895,258296.83649827552,329382.6681099364,536604.5766923444,92150.95231126857,401248.15690741176,76725.49233079438,122023.76883263452,338087.5287499941,542563.0365066844,174416.73893515556,92644.63096274517,498053.0769969451,359454.6601403524,31179.11327471304,421012.3944335344,578747.4673643045,484248.0339957376,574044.598093745,172983.98615918506,102767.64693376112,478762.2528832905,527214.378549759,556655.7311673224,84452.18039377769,362027.1341267251,302475.83290613664,539522.222690586,384250.35876956244,455918.61699285096,142036.90169901846,416879.920729987,196326.10968168118,561660.6184168808,114003.56104983554,63748.95773952725,241529.85194592222,48344.9348276171,
2022-04-21,185482.86433571065,108674.43881938317,495698.22416933737,502427.0512384137,82260.27134563624,41559.36649018284,120524.55100532714,144736.74097033587,277489.5546490236,334987.31740235246,523989.5786556073,99500.9896380539,453734.7075601673,87051.63937693009,113761.81338801341,369335.80777349515,537820.9185627833,151074.1993506703,94496.56789634282,579495.5140508946,281612.5710738681,31456.305773003663,450340.24959578435,542235.0705605047,413305.9010728047,563005.2664875389,173955.5134517724,120005.42255613556,511423.05079186655,610404.954194191,646398.3676162538,77266.62434262043,367950.7089652652,306506.90851903264,604328.706507204,371929.07934857014,438074.81737840513,133619.0368731902,377327.23155218473,173818.09535804784,642687.3172567806,136272.80747306967,70176.09538331915,234821.75768060956,44856.232522456696,
2022-04-22,182416.74290372065,96265.79060628336,543237.7196847367,429071.0850262023,86187.67903827164,40189.064871226205,130508.27964884244,132965.46485066615,302369.6841786093,350096.54678874224,535769.3380429811,75649.72349571215,379502.7611690414,88157.39553948469,117479.36166261868,361568.6028324181,513918.08663286373,161470.15757920733,83722.57751133433,517046.1970792639,283989.1844420886,30380.396103100597,475377.23163376725,523523.52959014743,452876.68573604786,547506.4994764801,157164.2139865519,103678.13889434346,475066.5296503003,562873.2257761835,610187.9546839092,69901.04724292413,358103.8947770159,300186.18636175786,582818.9501007233,350445.72545858927,486388.083944202,129189.22688185883,409660.73259287886,222659.94183808455,683063.2003084741,140068.9497534581,79970.0743894101,228595.39585693186,41571.689285223125,
2022-04-23,181332.528022082,114946.02505216275,580478.3690632336,421466.8269651226,75075.26328141057,38960.93107903517,129786.60745349595,150731.98342315754,303185.0279531874,306869.8880672587,572535.245248198,94477.28623091299,401972.15052560094,84849.81530671293,117927.95511072362,373937.879717379,477651.2095608471,154717.09015935022,90541.04989493043,529232.4615531231,280672.55138121033,29066.760825722038,526246.05673822,542555.0981547551,453281.6882869621,492001.18233257154,167747.3016198594,95642.67835339763,465352.1687814173,602906.5740209216,605901.9069738348,77897.27341029253,393054.80131588725,337575.37048897904,592851.9618998864,409175.634704849,490419.39400006266,112199.36021075607,334326.08696898434,199954.4106156361,621294.6726252757,127776.77749270665,80218.58203210052,228141.65337756387,49279.24478149544,
2022-04-24,176508.3581806725,127485.02727642964,457212.9282953382,406034.7944131447,75613.73048121526,41675.880992766535,123432.63306412222,162251.8445313127,238090.84698485854,357139.5199013898,545465.1454268,100683.93784904483,426075.52713078726,85737.02041684893,113470.81260528335,359767.7478993435,546093.0980565905,183461.29564059508,75604.80276957562,569816.1305106829,356601.39825901185,27710.703041631044,477159.5923425628,486747.56054284936,462014.2538992038,495648.0010482015,157009.44926477928,113434.44301751854,477559.47309231124,515496.4851623379,627041.9384667259,75151.0630079836,418008.0811276407,332695.485047197,638315.6749125953,392038.9550173782,475550.1539786829,116566.41625577491,400540.7775266346,182888.3194993245,555350.5199107573,118306.87210533912,76115.80004874624,224768.25567092045,50891.81831093301,
2022-04-25,182204.4284759283,98262.74442303122,532151.1584799738,396399.8894808232,75339.87168972,39202.55195642569,129984.94198577151,144537.73167810176,246281.0410246626,377865.609015588,532702.0419180874,90809.07966806187,388622.39903817885,82513.07633420663,125846.79135175799,379331.03054292727,508753.5206969638,173600.7336408679,91806.61897217378,483318.7815330314,301716.4749287381,33085.53545906657,523264.8801985613,511222.7709702937,460223.2060669156,538977.6230809512,177066.1208037891,108508.15315677054,440561.83919662726,551128.4957804153,679690.0644260864,97051.53094934221,376933.07846992,318652.80666240735,533342.471668363,365505.31422926945,537213.7835075946,120632.6748851173,355548.3747082925,186146.17262777008,614528.1158574964,141276.45777445592,72448.48025582074,203444.29223409577,46021.49593147852,
2022-04-26,182485.6645096591,119747.38466392033,475754.51468017424,389064.55661450326,83298.8844812423,38796.97121296535,126143.31104549037,143147.0031199934,296399.3994446517,358939.80592549994,614663.0350269767,95981.15831977405,375485.4398266572,94221.31251649314,123760.17173602169,358705.9416779041,545803.1550377394,172317.78612486846,95781.97738567524,479346.68307296967,312662.1052287826,29683.195585275836,496951.7319535802,485306.7430594761,420027.2294183239,565256.4083387702,168274.48675204278,109302.0629769401,504741.1572715277,505601.1974015608,608701.0234997809,77774.3658815398,343660.8015482156,304100.1431625519,578184.6306369859,383506.386382748,455911.4472203266,114014.61374353859,328864.7773098421,167363.91049679875,714494.5241285497,119661.58250384156,64871.51064659648,241468.90213781962,45869.66287408194,
2022-04-27,192996.13257047776,109063.23177310708,539437.1346525318,401358.9890976882,87733.53179811154,41867.278769751196,133033.10208454504,132469.1798513441,245630.1044319893,306140.01798035385,545069.703218784,86763.64175793793,322094.914865396,78185.7345785913,121393.4000333203,378360.53555110656,507639.5421186603,171925.5069737571,88254.86496046517,512519.6974330939,303209.22821948444,39263.848384592704,535860.5914955458,471295.4887236893,405048.8217979217,542292.8414149918,144878.6341756826,113134.14085206293,424845.03189814766,530509.7577712929,598999.6112121769,73724.4886398335,349431.22176654136,297414.26619613415,598216.3667144418,376551.81492365786,501439.730613431,126421.69813317644,344848.1948923986,179823.78061924674,603207.432729843,130853.11216559954,74599.38147428857,238632.12513239938,44008.580450010486,
2022-04-28,201615.05278424142,111457.50130449209,515482.75352882873,429638.4527742935,75466.86616978545,39535.76973331519,124187.59772597643,142769.94749381713,240347.9756098524,347246.96862192196,651295.3605879972,91056.63864512225,413980.5519637831,80298.03085789367,118249.44109266723,380813.71511638694,494386.2757329749,163292.9312064972,103396.91101102241,555162.1647470412,289633.35977295705,29145.577209597508,474347.0753936186,535064.3526328785,482581.7984931037,596607.239779481,162198.30790253537,97900.9792363591,476004.72895280394,537159.6125076645,674738.8051264421,84678.20552965105,394644.821663599,329664.86495915684,556121.4692994927,352782.0661466403,491844.0664726604,125025.70553056245,379093.1002807278,213196.6328443884,668275.1648210259,132340.5010863359,69652.04153629355,250217.8428023743,47003.44426432695,
2022-04-29,193870.11086849752,102572.44136340372,448709.00883100554,443637.0510029036,75680.37650660242,41647.186936951024,117923.94237582674,126905.57657987223,258212.94448650628,371540.363615821,554089.1822454424,80013.11261581694,390222.28143381194,84330.94527448772,130088.78867140706,333098.17506965064,552234.5322137222,166369.46582262233,83913.09251417185,465265.54851459176,307410.8275121212,28805.115654791858,565258.5272146082,530412.7464531732,459825.01260023046,558425.4440264223,181241.98433501823,102243.87517406595,522824.69087463204,516803.9956297483,651072.2705776023,64840.52585884317,439007.9194320723,318621.69855119707,656807.2711318616,381231.91922201106,428262.42734636704,110971.84293703637,353937.5946563826,232368.45959796305,562869.6036882373,140380.82945943842,73707.1805725423,224330.86201831597,45612.769022585184,
2022-04-30,185878.8643799443,109010.08714579698,561986.1366135834,433849.43184069975,80311.05728587776,41742.28329325409,124638.94953042765,134816.41723934645,278300.23534686613,298028.7949180045,628663.507898211,74692.45730498938,361884.85186022246,90181.53196005207,121039.52567154987,304514.1990831102,548618.8193270604,148252.13256260526,91847.97788343603,451220.78406318347,374919.08073848934,33298.17337773646,462466.6915377696,553363.0356051734,495764.7810493646,531474.3172754438,157807.4944788658,101878.65119892746,508185.9757808851,495311.9573833911,594427.5037602609,76613.67038966424,394618.0595963855,312796.4694665447,632155.3152535374,360260.20012442494,437564.1948692048,133193.30428962343,390325.7351057391,208623.540516457,596290.6024363927,127396.09048392954,66972.37905850094,269818.0381211098,44228.38859559818,
2022-05-01,184426.60106827138,123656.12957356274,494124.3687834691,405619.72998886806,76802.31927539945,37125.859115783125,92921.1136808078,148076.43310750613,264223.90101773513,320565.3469512426,565820.60738085,98868.36874875365,397775.60057401157,74163.77551273763,118853.36564709157,399971.9972028839,567195.0630274075,135133.17842796285,90018.84464313387,555018.3721301577,348196.1249279373,35395.00069395486,446247.2551354529,541202.502900219,448622.22732647066,554465.2864611645,165864.50105978336,92629.19063124164,512947.0792685115,486620.4817308281,602076.4353797971,88172.39465009283,370726.7976575007,371909.076894645,602997.9807079925,350436.44819794764,489650.2146086871,122549.88810126518,324110.4538309797,195714.0793100561,627960.1442817576,125154.85741179115,69567.88621651164,227174.62438954198,54252.05497402321,
2022-05-02,197696.6676767742,117227.91913229844,495551.43826906476,463197.8853031332,84309.51621998716,39276.78888894001,125095.7621680052,160784.51982876615,252217.63075091902,375314.53155679844,592473.4603112524,84690.143714751,375399.7463817838,75424.77380482756,122388.32042243119,363321.7407144812,636865.9566228396,165747.42363334566,89553.20791056288,495587.20467896364,291926.3759672086,31726.84103739408,428695.7993963734,527607.6764791263,400083.47008875123,574970.615500058,167122.01182049816,101117.23714302653,486769.519965622,445965.3084552491,609269.6771128938,75333.0401656212,406017.3282372244,328768.87406185974,673909.5424792627,329879.4423829798,566717.8001777668,104740.80472151669,314444.5211889863,190352.4788202939,617322.9080430582,132790.07486582908,71470.20216890406,217889.6506908598,48909.89915157441,
2022-05-03,189924.78752480226,127529.48412108261,472007.9371731339,457640.5588420944,64229.79873715562,45548.05767318109,85950.93263141872,178123.00213176047,250657.82036507706,358299.01413089706,518207.37339753535,88584.2491056235,377140.41992293386,70521.48239697627,136866.7032933967,307181.6720717545,554098.883781664,168026.06432123831,89451.92007469977,504366.3887307091,329535.77482657484,32840.553226564865,556522.741141555,538108.8387824632,480725.41936662514,577021.2148957951,146849.6424945065,114338.80362066535,531582.7569550754,502297.83054379537,614581.2104106422,65495.89931872097,375237.9749343855,364574.02520375815,518653.2276330989,368218.2736710391,511853.6458582749,121055.70322515264,420528.02895034244,182078.82327850914,561622.2901916916,141520.09023445455,71933.70751291077,215667.1500880958,49106.34072049227,
2022-05-04,184442.1918795352,122557.27183838916,485805.31048771203,426563.1402754571,73161.30871645281,37051.838214524854,104642.63101974037,138612.8422636435,248415.7164349052,362279.7270545991,512523.8639353919,81737.59341355923,412887.41182930686,84477.28070981287,107643.25517775286,335681.60025603225,563109.9847404045,179625.35249467148,91051.112972158,443357.06198992353,292463.1307657128,26760.32707650019,498545.04576178704,511227.51908116223,431787.64172281616,641913.2773943798,166671.46113541018,105256.72590387176,519611.86503470904,576206.8629346059,531403.1218525644,73631.45766738773,370990.3512568254,316830.1973560723,588955.2230851834,396288.75521000114,421651.8334640512,124289.54528840892,406323.257306684,229655.1375864034,559557.9570667511,153872.4892881006,73330.1629335708,201792.603170311,49984.335246318304,
2022-05-05,192813.03972197277,115941.46438830247,527911.7046934468,409512.5826501281,73438.88417515671,33932.32823553088,125764.63051150089,162137.52113082656,244348.83196921705,402893.8436287086,570326.3996063852,81564.55457480441,351624.3720763823,76718.89862091946,127199.11683578137,377995.56860751327,495344.533148365,184369.38345008562,96401.71130531974,492421.2758425722,268781.18133330916,29536.82986303697,455162.30556947895,528277.1739530874,455497.5563177747,529087.2987695284,142273.63568890316,92172.08933269414,500321.2950314262,478501.07656406175,521343.1792190054,84888.0155785924,353233.87715381285,337429.18685154826,606590.6439727291,358026.65143724746,367455.9807861876,131014.80225225602,347117.00884570164,194188.70676089232,645608.6681844475,114826.33157691912,67275.14456740729,263018.7722755951,49461.934106784574,
2022-05-06,192727.48380353983,127633.63200157626,509841.7946617551,451038.8786500089,63799.98786929459,34765.03409296527,126014.7731434102,148273.83794039057,312790.742451792,363867.26310595963,593599.7339274029,90656.01361685198,426780.99235537887,81664.81693573656,103717.25878088467,348046.39518316893,486266.0469391807,184351.86109751428,100227.8736346748,520389.88965132163,338858.1399584182,28973.74762893919,519241.00243585545,489239.8940846156,426857.25514531037,562405.7937619723,152114.67262062457,90438.55960384924,524846.6702828354,488612.98765943234,559504.9425261945,78327.60639065386,425674.12405677425,329479.74253006146,546202.2743414979,455540.7756748538,517871.9320596304,118273.22660251807,378834.4978592723,230536.29452154585,655337.8933425706,135124.28626667577,62963.00043557193,259990.58360620617,45738.75251418864,
2022-05-07,189064.57849504985,115940.6263950039,526732.6668648372,438579.22302694764,72303.09116906479,40944.594313741494,110090.40535668115,143678.00284949012,269997.90674514585,369179.56694027665,551867.4085470957,86568.68084340694,349756.1263386237,88714.95076614869,122659.20435442647,341427.86168804846,610714.8200628721,150704.40548637573,90261.3266231,559461.3168833953,342381.7386489093,26730.40716690341,495156.25927564874,529343.9474068135,503208.36520681775,580069.107434623,173909.48992122916,117052.5535991945,514495.7598840675,627272.3414736777,551444.7484736615,70936.97978922659,304854.3724835073,286002.4718359498,603496.8379874155,405954.58913255116,485418.79191413336,129606.18331341897,409830.80117944314,219146.25252893468,670682.8734192079,119835.15323408635,79713.32089646957,245552.1471146024,47894.52252950218,
2022-05-08,183527.07346902575,119426.2396498351,532364.4771712552,382024.8935841946,72606.94972987482,40950.500595478436,114463.18081243847,150471.01839375976,284329.30163692037,426777.94811177603,493484.6467970255,94714.43631409867,372910.34666789725,79932.54494397926,136436.92900936736,395910.3007746035,502026.42088888644,159165.4435012205,96165.9592001019,488578.4365996992,339523.381986554,31912.711028556012,545930.7191824605,545633.766457792,419285.79060237564,565093.9974659373,164699.28959531395,102549.08677528221,473476.858741356,520726.3814658715,571355.8426018313,71871.43903484798,406986.7625282205,368765.03472645435,537149.0330799213,418651.03605843754,533847.2117353333,123374.8249027316,391633.0907862881,169707.83685411763,684649.0801284981,142420.5438514022,84591.95833415526,217496.43037483515,46307.07831591941,
2022-05-09,178600.93631634265,109349.55992759312,563277.0490043318,429731.78674990707,77082.20197112726,40465.11702118318,134686.12018755084,146158.17215426482,252185.71081772615,344721.91198095074,490234.0192403086,95262.8620907276,454365.9876078605,85815.86529479742,124465.87852928377,326184.12530399475,496802.3763595492,170074.55883274775,85209.27271488788,589745.4540598231,301527.8518524074,25686.22335792476,410346.7696796922,484473.16387567256,431542.1697207575,536038.1115131882,156228.66265436992,97945.48790833325,432131.6011816688,562755.9044117369,622113.6570675145,72635.13841328178,368374.8193563976,327370.20807710756,621876.193462859,403211.6885182494,454717.42536643514,108766.86653271207,383418.6691809768,186661.643432,604748.504963703,120536.65934694173,73068.85726177346,268241.4216478697,48211.32552817403,
2022-05-10,176847.30807739997,112603.28957885492,495188.33191714936,441139.29715475085,85318.01896115496,44817.38457730927,116677.81113926775,146722.22919105925,257657.33253072624,328334.0434411741,487290.8730332703,94294.32225841594,429302.47547505744,82239.19419468702,121125.95422933406,333279.69191483094,540378.4082533289,196955.21688483027,95809.46662493888,492188.9701355234,309124.602207728,27846.474471083377,455973.24617086153,511924.2447620515,445720.1291086979,488515.28548031556,165848.4367927118,101031.28198484563,497577.6079045233,576857.5018417342,583028.091532639,78237.13890629669,370009.2783109382,350710.5993086961,639191.6940099003,435286.7349896407,502889.550538874,107793.335947817,412123.96757455054,186612.86098766216,583409.6603780913,122851.09469862121,63071.87698628364,227699.7534530075,47721.69820202532,
2022-05-11,195395.09084150655,105757.69367937054,450504.9135391414,400982.30125853204,76806.71178130721,32114.755884994775,143157.1226199296,140686.80726508642,247175.02671771607,362723.7343875083,472306.89189933764,93689.40134521149,396862.2431592838,88787.31817366595,114421.23826175339,362032.34393111244,538162.6920871051,183173.95764330323,84774.31839333013,492249.96439120884,332097.1400327315,29810.058559243655,449411.0343086686,485555.6192344194,404633.52086532925,534755.2999006049,159359.32230203526,91087.51663591164,503025.8825802603,577744.5374748089,600850.0985469951,84180.40705272408,434361.97595228563,311037.8956101703,602158.7932549457,355226.128891817,522298.8472256329,132471.2011940293,356774.58609409403,195906.4528795009,662969.399648976,123906.79760935808,66180.30349494236,229249.70534914252,45139.349193435795,
2022-05-12,197392.08217790903,120874.22815651412,554968.7778565818,438643.85571021633,71882.07626983048,42143.35918807044,121359.21202716704,129170.73614435829,208641.16282700526,363037.82955792587,554914.0089216296,103538.66150951035,364157.9074196169,87459.52217704062,120594.65385411025,367132.3834382996,502935.9461369194,178447.86668012163,98154.54938000246,584745.9114555264,323117.33723957057,29249.95311342532,396427.2409535808,492058.47968698107,456365.66418381565,512965.54965243017,160290.25858539608,115055.39053322047,526118.2596716194,481845.04439700034,537828.876919987,82441.99423164781,360711.64223687816,326584.1186480416,501968.2948971194,301433.1409900117,471672.7131824359,133185.20842916748,379870.57371767214,196214.53816522798,632435.6609594326,129807.38623865806,73417.04390065654,261231.23910456852,41916.01376013353,
2022-05-13,187866.3071792605,101448.74131134532,502125.47142438043,381793.4628574633,77985.64962523244,45952.17737696551,125339.9786880547,127477.65963233926,236466.4706500687,335942.36574661767,599606.3700303001,84082.64873770208,377113.7628585652,79592.88196671051,118674.31450585186,370148.1770293901,528848.5254006931,158700.00517646706,106243.2827546112,529513.7867112127,303438.4537371428,32444.737019307657,510478.05389331194,471219.1689985153,503666.1909930432,487841.93191045383,168543.1858359742,100047.40379009239,452305.85854781885,538522.2548204194,576950.0072868682,78813.9125065567,361754.1226642256,307997.83858937165,543739.4622850406,365564.06244167086,472509.33802403585,124695.07968733167,378384.36492044176,244426.38337247228,551280.3925972949,134689.2199768385,78112.43053982167,246642.36328041376,47599.25717486688,
2022-05-14,180756.244032286,119017.29909006014,563547.2342204615,478268.9455930613,84918.20674070073,37163.92505244642,137078.07384510062,153038.29097537877,229377.15305482753,321754.1218474309,549505.4164303272,91530.51588820784,396095.81696473825,83120.09098086056,114481.25966695134,381964.78046073794,595386.9748029481,152208.88405056595,89395.8633321043,497709.7480100634,272723.70328414266,32437.81584162056,464946.88754373573,570643.7869212411,433621.0517302791,532438.4702115791,150811.30309998378,114595.1587144679,456773.01444001734,477635.1204236928,629800.9503159336,67939.25170419847,378577.1624312912,363672.66834843846,615943.0514917241,396023.3262457408,490172.7342300391,136099.82988415682,370656.9110767599,180174.48372742,548830.6730245952,137225.66147537218,63698.878836084215,275548.25285064324,46639.47991666216,
2022-05-15,190895.70332398635,110298.66152635748,532721.9799969103,475218.9292549869,72225.87436571658,39608.27285376375,122650.15745675091,142218.3609362052,219546.9616089529,415529.6006368797,450620.2382354456,100265.21507126593,394969.51933177136,91292.30323621687,118782.49402125858,361667.56409012305,507121.3164931623,174117.6378140394,74442.57701035388,514242.82685091277,316158.94332166726,33781.51552918688,500535.24382942327,561066.3410823025,463070.85651375924,519741.6080503379,160645.84648291362,103722.28116916647,507082.00499207637,656040.7488050404,628360.5214555894,67961.83401057344,395233.91398405464,339193.3559499192,590318.9048147455,383689.0770528393,510421.57060350414,131829.876905629,367108.8514982736,200777.49615745974,621850.9710926288,131834.86968350495,69842.16229648025,238954.05070987105,40333.37671034032,
2022-05-16,182253.9508596889,122502.03181744617,510068.416373773,423352.9802469963,72635.66218205524,38389.045739052366,111644.86531296579,138502.26517374802,240183.47884285747,359891.23131719587,541700.8914336773,101234.94061039816,390924.7188160095,86908.47400255459,122891.45432711112,369949.9753914265,481636.08285575866,149359.5975479267,86319.28257912681,577069.3027951787,340349.43844135915,33310.33909107065,558015.236468106,537820.2777858408,351942.28637964337,588877.6123267495,156128.8652285991,115108.58211258941,485014.83592964476,478660.1131557333,564635.6888104483,79283.77729486089,369044.7464776845,340666.5846463335,462309.22455170256,387448.343622528,488623.12290134357,128202.85985435323,381134.35941769404,206890.23512295415,589819.8804565575,117796.16215502139,71649.57936520774,226850.4605405925,48913.49782626722,
2022-05-17,185811.85428768152,118735.20852695484,533093.5839903795,444644.9836951364,81843.26153311526,37926.77970863057,120312.37562885799,145536.735669144,293988.8969982306,330174.55258214497,542931.410164288,81477.81288450438,392816.10866139864,74840.60181157927,114706.57589631688,348629.3310426305,582950.4060526072,160656.88145399815,99174.43466962242,581781.8608054658,283287.92607563577,34492.79926728898,462102.1151030921,599188.101286266,449502.93401652365,593800.2919451914,139817.02149241845,105416.68010879542,419860.1306203401,502671.196288566,610258.1346810737,67855.14343320567,334399.2979482322,366907.641520632,647913.4156587584,419153.8623231271,527301.1604584364,112693.02553882387,379968.45916901866,197141.09558983686,597039.9721533796,139770.11796968005,75423.08981864342,222824.8698748814,50934.80002265052,
2022-05-18,194530.9117556613,128321.0111891487,596394.6978043134,348778.98775619664,76954.14965622687,39783.25400698584,121032.06586015462,154686.82661004993,265381.3788202989,376419.6301997147,642335.8249616819,89637.24833049445,387033.96737034107,88676.12432043323,114139.7097433439,357797.563762841,563422.876117812,162277.11308155407,94272.01299113757,486680.4450804499,329314.83931261994,31646.772808718546,458836.6062193694,511638.1500595575,439233.44324989466,527001.6797188718,148337.7819194476,110346.25436437156,504727.734392642,502988.9546717906,703974.3222675775,74667.73520057075,356072.8655887465,361563.67413350934,595762.230252371,390680.8007549274,471106.37299081247,138392.08484505123,347143.3576036426,198903.79938808616,649641.1943585584,131584.51313107836,68604.7202962905,199673.2193006722,56571.866901069836,
2022-05-19,184907.35456140843,118555.15236483514,595772.8802024457,392110.70192922524,82400.65809763361,45514.424981710516,108125.90117300514,147536.3109260743,289933.9718642409,347658.41017488757,485970.5765960921,101923.20887909854,348360.77769163554,76946.02282493323,107600.13213405412,359074.53206272697,515164.6095304418,184652.0861166704,92075.28370566525,518937.47589680797,321614.61890834296,32047.499418974174,473430.25691882544,635162.098629195,416737.146806111,548979.9728776338,180218.36576759574,109237.77339595516,414957.531331153,482971.0680817208,594360.5950969192,77890.10837609648,421783.7145880789,351211.63727022987,550703.7503268963,403322.98793798103,437197.6973033585,126770.19050114416,403231.0978946861,180685.83709686328,634635.8852437044,142538.5546723588,61718.43652355477,229070.33236894917,45380.13371721123,
2022-05-20,184227.36473909343,97920.64053479231,510359.2255526324,421926.710390915,78257.0769846658,46853.965161944805,118893.6664106795,137804.55902608973,269253.3492094241,343625.5058813013,532903.0047869303,95671.35072520231,377515.79034984135,93778.01429510827,122882.88318114587,362138.0555504827,473461.84454078175,159133.5747604532,97562.38927602048,524460.7257700842,332106.7324103886,32248.840078803947,500647.97620229516,499384.62787153374,478432.3118616252,473535.9490535504,165057.5564027799,108446.10070496479,444569.6807137293,608033.7757590943,557110.9103490368,69119.6998062468,384856.510950108,293307.03417374706,636227.2203873055,350599.3401274259,566552.4704160374,117802.93162827838,349327.25444459426,198845.52687992487,661958.6140263553,122173.88904874155,74049.56809240494,255745.69608045873,44381.20141784387,
2022-05-21,172829.79263502362,111407.06386099989,509911.7669115603,395021.7097914816,82740.21975890848,39751.62926673096,114170.9995356297,159705.71779059473,274799.3488996804,366496.82975606644,625166.4073827612,93370.66235613191,422600.82126530877,91159.88807726046,123377.61563936419,378014.5231120382,509782.69379587006,131820.77134863078,93776.40101867584,479621.89436044,335160.25638796156,31095.117960716718,439977.21386416844,514656.6058598698,425936.7693596858,528767.8053518626,143173.5210203474,106170.65407825905,527743.5437842793,654993.0215216733,576516.4059111287,69809.11808472856,396373.65725035866,312529.80102127336,557376.4805187405,345873.3746559648,465521.9043826985,115056.45778332333,372309.8930239522,205232.3263517254,505853.20528607926,112002.45166260838,76891.62913649011,245516.32871282942,41921.71537569134,
2022-05-22,177159.3737863511,101505.1608557095,548796.6604169613,456775.8359647146,71855.34957181489,47075.11938555872,130353.57912927952,163811.63027234192,241301.8951865592,314473.57259378565,569898.3100417345,90333.52933272705,350680.7979838732,86210.88490354497,120946.70970696566,371822.93220918544,539701.6607497362,170390.46421307157,99072.24083487247,518385.4767127462,295898.3926044761,29912.386893242903,439643.67056149465,490676.8525619166,433027.2953805745,570280.4859450292,140396.67609432968,101371.25663729626,547764.1515158666,527782.0682023772,591442.6497217556,75467.34622048777,374567.0250993917,304369.69561806467,556862.0232469137,428046.00876219507,466938.25481467036,124052.0494692548,369974.2867667138,202333.2241363721,610433.7659331617,128572.34121590553,70077.72994182793,234672.79725866226,46942.39860251384,
2022-05-23,191957.9648734716,107362.92409487284,472479.6779200336,501121.23930630635,78266.86756058573,40965.72665796229,121713.94344147327,151191.94998346662,270938.7184160766,360614.6625829771,574885.9069805206,89111.78366294589,387815.85902277543,85316.7329697682,127992.62969111546,357271.1987992028,592624.4085362982,154622.06953830738,96917.84579371578,520926.8473105071,272776.64977758593,30109.342183585355,502073.1749632833,522200.5829840079,426631.99480847013,589615.2542498376,158692.26725662992,119123.90530515248,433147.05190115795,490706.6770091026,580864.6434483208,79103.70425878542,362383.7210760341,350210.6148356243,606214.2188440786,382154.03661481134,486608.88527874765,105304.93713109252,389780.99436311447,206159.82479539624,631555.8768981749,142308.6083395774,72830.81064514322,215643.72979476213,46977.03744424798,
2022-05-24,185894.70316776534,125548.45506047062,522740.4429498582,391410.1400152297,77022.12660478488,46580.45136886627,118631.84294231162,156766.36869844655,276726.656257037,404393.8062118384,555138.4074200044,94054.33202252266,367962.7220574494,82847.90411328654,120463.3205348621,332967.18108471006,497121.64043334406,164339.56086632045,101267.61290121119,568202.148781687,299932.3969684166,29110.433658425005,480018.4230641457,543855.9227724648,375758.41301233985,525652.5536300462,180128.43835478957,95800.85306698582,469632.67553859414,450478.5154722096,589994.7812199191,82497.32547360254,433910.67720153177,335466.67955393787,673287.5360335582,360192.9510230139,491813.1945932975,128358.88341267762,314686.8395568485,219447.33889925998,525235.9068637829,131505.35059138635,67866.0409248104,238544.5222216493,43551.10899704105,
2022-05-25,188077.45023534005,117719.66184960473,506471.95827340166,403133.4242218496,70722.1218182019,40544.568267635324,120346.80344804574,159888.00415611043,248897.97045685002,363800.6228967061,564615.8586433098,90078.39675354902,397295.29707873485,88830.52265885723,122877.62653877134,357939.19823327835,538408.6866360618,162644.94222885845,92868.87767927254,571002.107216716,335590.15604296536,32024.518172836226,389494.4437780364,503867.8207830292,401401.1074440418,600824.9305684966,157736.6905011437,103331.0469897773,481933.7064925078,537949.4916054272,522147.82532396656,79732.72547962387,376808.24119886395,294133.4765226732,665864.4074204846,360248.59260936314,474051.321686659,112282.07901152065,405932.4998712257,211944.91870691246,566958.8378311909,127340.89021220418,65770.71087383933,253275.70131436025,45704.50546043496,
2022-05-26,172334.828550126,105744.19365216032,520779.8641205505,440220.2614751695,68543.65192999305,41277.75561441029,123544.41998611213,158586.5027008352,272633.2717972799,340165.1360501005,584316.5936841988,91621.39315414715,381544.3163914395,81757.64741372595,122213.86741020372,355213.88352596655,571352.2364721663,160194.78787458202,96815.5484769204,506991.43461860076,299719.7413100778,30806.722042223962,420157.6924726641,580409.5681334846,474794.5104173028,489217.6994404761,176872.21928618502,103418.46165586264,548481.4144465149,534777.918307893,545317.007944032,76487.96997378877,368998.40687352396,325951.349542784,606278.2824869545,359407.6522111493,488501.8094588872,125158.92259058025,358403.12051423575,198290.44052369613,558075.706373311,120674.81518431056,76336.47576298665,242365.28820954292,39174.03237156842,
2022-05-27,186008.9158696767,102923.5263630678,477623.1975999694,487772.3234351551,82640.47637831767,42043.81916850271,127367.2609617302,152582.8298306781,274197.5098859263,336492.57961620775,514472.211054681,92512.62378649962,440329.74895120464,85844.76775543223,119148.5319113106,361513.85124694224,438808.1258100897,174136.4097149023,88059.4432806751,511792.59632858273,295908.96771865815,29584.71656642905,522598.5779525651,521518.55595070845,370419.0707366956,503987.46838105156,164637.47309868477,106621.07410504553,464937.97925549216,520076.75970826624,586350.3945616861,71500.65662885613,416115.8485148895,291390.57778980536,611118.9131148878,357592.97804443946,487627.9961976372,116482.53759892631,415907.4383565062,178683.42886119126,599343.5961185741,148208.08805394048,72730.6708857384,237417.3361258351,50049.06826757142,
2022-05-28,172418.3426624419,112300.74770839832,445972.53524622944,389828.38965500897,76143.0450397965,51237.82183598931,111670.4202260259,152399.5534542714,250538.73300302602,339207.58784058754,588737.1217770198,86947.49285416842,409746.3112417776,90134.21557060398,114695.21116349206,418855.7903166142,586905.0545248163,143696.65872666534,85933.70430971781,548377.1480759768,267653.7178334618,29503.088739536954,481064.84730085987,521399.1646087754,415947.68183910055,588152.7143136977,166165.99765374188,99746.4445768183,464243.4849427738,558381.0424902157,584014.641230576,69525.36964288123,360459.78195256647,329541.15408350475,626635.1422353684,340179.25887210725,496025.5867822538,118983.66869976369,364430.321216113,187701.84526370885,676221.2830369184,119407.33766461599,73311.23396231807,219354.48253365845,43718.8877167171,
2022-05-29,171380.81336281737,101105.9414068557,428645.9712024505,440689.9429849551,71935.55881611066,43631.429028866776,111263.80049185718,151484.0346169709,239788.8752886005,343595.1690474942,489673.15692491276,95848.23477330338,352461.6978897196,80470.01077298273,140983.27692636874,341094.3110688362,490795.9148742827,157006.82068231713,102604.20630413473,496328.26651986764,357233.7541817158,28286.657615849515,440269.7876472121,476120.5167050079,430456.9357728148,632451.5896522126,143018.1034346238,105896.3991081733,542920.2624558486,566009.5767025314,567732.2955500876,72932.13921916502,364366.04587236216,287121.07268130657,530058.2853550602,333589.9207396112,396924.4535010425,114194.48838638164,377444.783019567,193701.58949781477,695115.0586636926,123029.51359459652,79021.03252321992,250546.06852635747,46595.15478417995,
2022-05-30,179662.68464611596,105993.20897322464,463966.83751324867,495037.61017607886,77739.81431178623,38538.154085106085,132104.54166300397,132670.22474999627,237016.1853595403,340120.40010175,564546.5216700907,113368.13022094985,414933.1171995323,80103.41780132377,115222.87970623678,368039.0484336576,556471.2580276036,172743.58122033297,91839.05312162462,545225.7511390636,334000.7316575262,33460.14046471277,459261.7424428127,526423.4776042218,502433.572877085,577692.7664323106,172139.10174226787,101900.19653322962,467249.9209056359,562845.3256473348,582410.8010295915,78533.61970938684,382881.5390262604,344949.6930213294,619688.2161222183,373179.9454579314,562791.659950489,119987.12239765665,436940.0048778368,201146.210501841,559329.6392765391,135502.4816420579,64590.82549844061,175589.69795461567,41237.190403734545,
2022-05-31,181960.38362142938,114802.78142872291,488728.0349899215,374986.045738089,85412.36204717311,44016.10776524273,117373.96905811135,153590.7017235531,262327.1150775933,376430.32406298205,557961.7863424525,78865.23165822691,369383.5723776873,76206.21452302884,112832.60948479902,386442.6697581145,552771.6099619867,155734.95582453214,96090.5918210229,517043.2474403467,332601.6966916436,31160.498818766093,464514.7923082284,502645.4992499182,467129.33018015244,552567.8871826916,155838.53392710583,90222.7704024913,507292.50400861475,534788.4768539004,591604.0055120033,78087.64946136552,382576.20145987923,340955.4126682665,554711.1791901035,361111.97522152076,483419.9923914203,139928.0613238235,370518.18917137827,189621.01882428027,623508.3740957509,110328.84057960205,67428.47140387728,241467.97647206517,44177.008420552665,
2022-06-01,188444.3267043797,122359.24477757643,493658.4010820074,387799.51081451925,64048.29110838494,39667.011032745526,107619.99400019429,129662.84740416329,266403.686924467,302090.9736776944,522974.1940530834,94317.58447838799,375610.3119347284,77081.7632222994,122776.95987761265,358803.0440867169,589108.0528275686,142701.63247419795,91171.25426077768,480323.4521428187,337560.1678069571,28755.064499371165,489434.3854453027,481925.68121624284,419556.3039944002,456401.11717185104,171185.62289037768,103374.38681811412,422347.73093709553,500310.5527848251,628145.3987421151,63265.795326169464,390513.45298440324,381463.1372140477,604334.3092958512,412671.33413340943,511906.58761157125,135023.8534444913,416479.9670910469,182406.31762819967,625051.5512167137,141850.63511730847,71435.133353997,282468.65915789484,45129.14950749614,
2022-06-02,171807.14686261234,117461.84557845432,577649.8029535047,417439.01774275105,68962.56086753265,39248.98164870524,125687.37698783205,136192.59053307082,240644.00972984228,374906.473451943,549097.4878890321,86343.53023191882,403673.6638797506,71932.50363919968,119816.844839967,422595.9031239602,565965.3101002178,172540.7211723077,86041.64134256502,480846.73432676145,327759.56905227544,32517.421223832178,407854.48969060136,469857.04614691855,479679.6713089942,458155.989099843,149699.33775203582,94200.7788772566,466806.6618052932,577889.6906690713,576021.065458312,71260.47836251532,446584.3767131674,353396.7117177326,578595.3945493918,387982.23048820876,435252.46126684226,125002.07627077581,380109.0432187368,178424.1109616971,616858.5019228462,133858.1930793367,67359.1298069646,206020.15240088457,45625.13950302033,
2022-06-03,181245.646726811,91475.76434562389,546531.1785719591,414086.69319675484,72558.50061821887,43818.73455787424,125877.2808619511,160604.78050020212,258605.87116918556,340067.6519119392,522699.2753318087,96181.20849745267,378295.9091481286,89176.34557173577,104746.9224728013,345244.9390056514,438980.5854893949,178496.31268312386,90356.8990687151,580984.3853576159,307180.7814178905,29302.1017680228,428786.92089912825,610337.879106456,410446.8267714163,554703.0088045337,162397.1843717312,88963.11754896598,412454.52244369366,549213.4566956637,601697.2094588544,83367.15371487875,392858.95858197875,319751.49123446306,612949.2294978487,387140.3697985713,470751.6138788133,121309.01012252546,391518.44983824616,171121.41648565378,617401.9477975063,137216.81634448635,74963.47180907635,229768.0791174098,47617.89242487081,
2022-06-04,168907.25950490093,114734.29817470248,461644.1357175374,460170.43533327186,87500.41194187163,40951.050624490024,106514.25956964103,155213.75242766086,268724.89749335725,361297.0412323083,502932.7407968827,92276.96808400434,421915.05660450005,96449.97893099421,128023.73430270894,365242.2250752638,508041.29675157246,163191.43999180346,100648.62334934738,514189.1589008774,309200.0868392004,27106.074862454654,467690.72310751193,490512.3375526786,469475.11694486917,531088.3968111391,164638.39778825245,104426.52150385913,433375.2710283194,587656.9854043287,555546.3513810012,76521.78311068883,309786.5593357229,352607.64582570596,594887.5367584055,356556.94806561526,462873.1827503342,129764.33046034412,381046.15623568255,193459.95005018628,612843.4794037085,133203.64994684176,69486.24663679588,234143.87809114155,50935.05153881423,
2022-06-05,169879.4977514779,112652.46295885189,514141.66266167053,440434.96634516446,80113.69508017706,41759.83840496123,123606.17409670795,162743.68404456112,269733.7337093231,319100.12266325316,534534.0547612411,97537.81085533295,369388.03933680576,93864.40035369564,116594.22096085388,333261.1113103282,548067.3610841099,138089.05028580368,94287.63669790472,589036.3775639937,302588.0972392966,33045.59489571701,454083.1544771967,442694.4447332553,387182.4861317916,498420.3955771736,158155.90621875282,107327.14055813849,505221.6442025964,583343.0813833218,607383.1470230349,67419.96515253752,392554.45584028424,293944.13565089664,444439.75410723884,375423.4525882688,546701.3176830092,132543.26408232478,404627.23246282706,173984.459505649,679079.5609529363,125876.54637356491,64942.469738858395,225621.79471261147,48357.52995387329,
2022-06-06,187141.86430095794,115715.69058843712,486056.3552054286,370727.34857013996,83151.6976457564,40895.16736162319,128520.53402981482,142276.83513971796,290038.4811019005,387999.0485242212,501511.85173664015,100580.12220290539,374288.7556270864,73296.19020959813,107535.02578670434,346000.0987271151,533618.4871883246,173030.9426114752,77916.96617092454,499308.8737572366,379342.8720925831,29365.66564919783,480646.4621496754,475268.572556302,473608.47423263075,552022.9590480293,165311.4812057263,107647.89111171546,473551.13807226345,486258.59400748723,600733.5919385464,90370.8158314594,383727.26850781374,305466.2083450076,597753.4326073936,390042.2103094337,466258.4250099484,113485.49698423898,358144.20030648174,181384.32818455598,651073.9266696248,117213.90180720718,70915.01831896963,253717.30524336404,49391.414132442944,
2022-06-07,185542.70700827605,126489.14585046824,492952.6756163675,449897.57761720597,71196.7526996758,41949.40348792179,125013.23217305439,132031.33212795874,285402.1865071327,385670.3718629928,564301.3765870377,93349.7607517341,373109.7768379691,89142.81727559971,129625.52844267894,363101.7305046749,562785.9963528372,142032.34248366364,88723.03848957371,532835.6791010918,327238.3219578098,29800.233567240353,416462.3988174108,503193.54903845134,423888.3784984702,556361.6057544921,156716.48940143548,107982.34248317595,465227.08109963173,485711.6794690575,625818.7019352306,75863.84462734491,383897.74169349886,339768.7611710246,619594.1425886471,400814.3811405256,518851.3331395764,120801.9352307667,349094.9484429174,190952.77013708858,547561.3937016133,127141.2004703971,71505.14343767078,243147.48209425702,51341.86687698635,
2022-06-08,192109.70445405564,93519.2311239039,514713.19523859076,412118.1128962752,71326.01827609465,42238.234594953195,127514.53875335095,142640.28048701878,240052.0859798264,377644.6339678396,499483.2366127462,100260.5261731464,375968.111064813,93842.67829513048,125024.48353349298,380115.3990541577,576305.5737819022,167827.02483081547,103149.67175458922,620375.4369166477,301679.86249287496,31081.20361914506,477297.8376700272,530150.0893159659,404813.2760557969,595888.173977865,151814.45425561556,87325.23796358367,451743.16445901827,515501.13773302955,622167.0415436026,78377.88009931272,390095.25914498244,273806.95660831116,610343.0240171939,376246.4379197038,463730.0537732646,103837.53370970707,359567.6085955103,176094.10508818433,636391.7399016784,119370.07479507057,75818.72002983037,237146.77934653964,48407.452846686414,
2022-06-09,182896.10652661245,106710.38400110694,531646.2183536749,476134.8466227965,81149.23852601538,34519.539337364105,107742.08064775616,146624.90888459937,295060.3990224895,308220.2912343961,581428.2602830906,74692.79131887248,428415.2501620597,81177.74553782756,107147.59739044521,365099.98015925696,568460.0366548304,152153.01254321018,88733.49331727915,476658.1810492072,324972.1197229365,33747.596747727366,503806.66455613245,530037.9984342817,432646.5741837716,560053.5048491078,180695.89561217022,92048.5016973753,471340.3943077507,502301.38831119967,615861.1373135962,78470.28863580457,381690.2233436599,329964.65442451264,584483.0111820803,411821.0868870466,471470.96187067835,132476.47415297365,381948.05292560346,203155.82553855376,641017.9441470208,134174.91890379906,72762.52879408629,249235.73335459188,46150.35540869703,
2022-06-10,178520.63539423593,117301.85343810619,491392.5283707473,410388.10475303157,78707.83604493849,43027.79516799695,124592.32973434131,146356.8079534621,248536.7385656017,373983.9661812625,498101.67873135186,103631.95001880542,413596.3910412913,84940.70850809039,135308.15826444174,391872.64183178847,532781.7393626731,148584.21875757104,77274.14985977879,441648.9785029739,287967.9310844603,30887.991392831682,479928.9629582082,533040.9895296347,448208.5742381472,605784.272101143,173566.55609411118,119603.913025183,489332.75432159513,581814.5567890854,581734.8036877529,73803.7488683915,380957.7188239382,303936.1489251502,666740.1132573655,379336.2396334515,479574.5417089719,141636.10050015175,372231.5209080217,208841.63044715748,613380.7470119933,136968.27871447956,73146.31823153853,234606.1215066034,49802.38463543488,
2022-06-11,173140.92274287675,97835.03005464663,547216.5223883238,410076.0468746905,81781.77737513077,37640.26688084546,118439.34727547801,158628.16960287705,280773.0532118596,362080.0548615956,525174.4968895188,94693.0424377689,447655.77931457385,70722.58983834343,124708.56724194673,353307.1544924324,462005.87032989843,157990.8719963746,103949.567879456,574299.8411473398,351014.25832614844,27885.3629058892,466865.6676481405,479679.8853713511,421053.403201405,551982.5337613227,150382.1954229093,94641.69817520812,514833.4150769863,564084.2716277709,597285.3666493876,71613.93218756384,401330.4193890066,333630.71255258593,603999.3430401079,403139.02701929223,539427.0080501629,122333.73699870454,400456.7261451787,188499.62980066147,652459.9771393407,143716.97310994403,72351.40372804271,293893.54146087443,50003.67541695885,
2022-06-12,171447.25481118326,125232.33200735287,451407.14306550875,450786.67052868987,77166.39622931047,36136.09249721161,116689.85155875653,141234.3832456905,256826.44203795024,305680.6107276607,522608.4762725422,99861.83227162011,465225.0069480644,86054.84579542931,116657.96738330359,346551.3818141079,522321.60658133065,161379.33635727086,95205.95781483644,486263.2175625139,296735.44625414704,31689.60487779055,451398.74111373606,511694.6245326504,451011.5489189084,538393.0580403944,167411.0829082019,108343.21814638432,371020.1935028137,596910.8200854812,626637.775293877,88946.45951040596,365977.31632033247,302414.49884119484,609953.8351608316,364237.9432952652,415225.2134617048,100890.53630379983,418477.110697323,190272.54095462355,607307.0773348465,130527.56453550956,69481.60033543035,237128.90868622123,47767.55415503213,
2022-06-13,175199.4001974926,115307.68337590563,490955.46133084665,458453.34966837405,80085.84737657456,40658.578814515204,129831.14798931619,149533.70127103725,243647.07175260864,350039.0401167077,608412.4273558846,82962.65075815844,361316.7526814959,77087.9174585551,130197.7069491828,433023.9172797381,560130.1556104444,155340.26362235085,89771.93104528745,519842.56327896216,325864.1273319042,28781.40029517015,418443.4465833337,456460.47777058335,405895.419263911,582998.7232541018,150615.16267788256,97618.84773014752,432895.0160878118,566067.2379990064,539423.6989305317,82142.59688916309,353563.5824652133,342180.8623846094,638562.636757695,324122.6419623967,437695.9469503639,127476.07568656921,349343.83229665394,205642.91681160472,607900.2937421378,134531.69441192428,66501.8479500686,237952.40184820807,39491.054825845815,
2022-06-14,164112.51328029556,119592.86851521162,588833.7451781535,447570.8685515952,79333.60391067408,41123.910575413276,135741.94751487885,133935.0740797149,211919.8347970662,360948.7531573236,564631.103204768,85824.43251777452,396005.83851463534,85602.54702105386,115362.83640029484,367240.1188175321,494785.7232449117,171494.4611589473,87595.12285139371,496297.8672751199,340022.799221671,34224.780307498506,441017.6424175543,460860.8455498862,442638.0371192018,487169.7225313307,144952.92270108548,103953.83671907938,464882.37091807765,557822.472845557,533703.6392006192,81039.90473518516,475112.0808577774,331460.229542552,606414.1324515207,387232.60511227674,412976.82533145073,112763.25828195816,356676.4802872487,185903.85286767143,604108.1323144516,120564.16989242258,72173.89663199667,202232.2168585329,41196.491319458255,
2022-06-15,168507.04001156276,106891.02677594424,489330.4395331103,373816.3776380972,83217.19299669751,38583.11583348828,138801.59719506314,150677.22386434715,243302.64506522712,366322.93964713573,540777.9036134463,93007.89055817144,356733.5936341866,73733.52776567309,112560.71812016585,335520.3397367333,569449.7767165506,157936.37405083183,98094.547244852,531875.8146153262,322948.71680448664,29335.329402483894,485756.11449948413,444468.04397644044,432596.9317770916,648336.2348223857,173372.56382444061,98062.46796810524,450915.92619915685,601324.0898771405,566208.5019993847,79545.58067563814,360658.80649614515,368024.44105941145,546981.9342761779,401091.2205109532,446624.9823086935,115104.30730516555,335387.2181182073,184819.61689992907,501702.9796943426,117586.3284510377,68663.84352786625,224106.06478559645,42863.67579849484,
2022-06-16,170397.69808976847,119298.78028007709,539557.4846640225,450679.6120778557,83400.45761891773,43565.2407491976,134144.93889437508,145473.94056596645,215664.78960016888,355694.3073028024,572043.2920354978,91809.23920590896,369290.5102813422,87916.06080608402,107032.79660029613,336238.5661371825,581467.2776392264,176623.91917042268,86363.26244266465,481109.19077064644,315672.5639840919,23981.508742252445,436866.49336192757,435389.3086806576,416643.1620830774,543518.0834034717,138299.04542392245,107935.82191120833,471627.69307441317,569281.9941390781,579140.7667360248,69936.5302050975,385632.8521832547,331126.8216904511,474362.7034134312,396542.79886670405,457422.33428078773,127648.06016607617,440474.2257037785,216038.58634859498,594456.8050809676,127755.42454116057,80080.36092669782,255797.88405806478,46881.14254976239,
2022-06-17,181722.72413239744,121581.10543259312,481817.182962822,396329.18775324326,68190.20740006147,36463.29333725412,120312.31027964376,136713.67797890794,265577.30784797197,358892.04037609923,457363.19874259765,94016.45149428886,373937.93961945386,91162.67755744087,117768.6163977886,329163.4384901711,547575.6716739321,167465.05428612063,98570.52309975502,513209.4581094003,313575.4798883305,30074.721633794736,404946.95198861684,521715.93581780326,399921.18593296496,539366.0758060504,172002.45384846276,104425.70172329567,462674.60866726615,551653.3533505459,516856.5013791813,83811.3644712159,336792.60253881983,310598.02313038777,566825.3514625086,391897.8162621405,426001.79805783316,124030.36740571205,388161.1908108232,211112.42432515536,566319.6119412628,117950.83588668493,78118.45037314032,209261.19147134767,43585.45936200969,
2022-06-18,168872.25256305112,114093.7192990859,499726.72984283563,440214.30715798645,64258.05682323451,39519.58952639343,124802.84756270955,142693.8927464848,276018.531378998,392066.85740851494,548197.6053205599,99910.90182359943,360483.88149675407,78977.83246606265,116384.5246811075,382686.24023370503,409210.34390138567,154641.26003856346,94193.42454423365,539442.8074024722,311890.0713236917,33853.17091799814,417975.8865346586,504967.61585737683,419080.12915144395,543844.486007259,156891.667621972,99590.94668222588,439394.75519680907,613645.9135683242,549741.3170408458,70910.96472266823,386132.5012881391,324411.9982963777,625194.6848317253,368522.167130793,460453.4090310021,116808.41738341136,393470.17315720965,206654.30262995383,541516.403046367,124214.97131624914,74115.26738861318,193852.25883601216,47666.731861913126,
2022-06-19,155950.36085378242,114107.36509026433,479969.85314361076,382868.06887381815,84620.95468491803,38938.12065043252,128823.87942062625,143294.8836908028,231385.8600629876,385120.41223107744,638001.7488799846,78951.7701934917,360649.82670707855,76593.41135841972,113396.05350570135,345634.0456913697,486648.4943406145,152435.02952914793,92044.72168904402,478702.58840506966,298850.14308663685,33304.07069465999,448649.5992662956,522302.370576504,437955.5119180193,609328.2935341595,157419.1420446703,94617.21005005852,436443.8004928114,553719.8386263921,555546.3155572698,77763.19079468894,354006.161075929,295358.6753851419,572672.5591277913,354627.3342988381,410338.7802212523,115237.95758183047,338298.3061580834,211766.33498291604,666943.4539205834,112106.79719846156,72679.71617879707,234897.8576414073,48845.76612769342,
2022-06-20,166397.12132646493,114429.42864851952,473838.359204195,447509.43634735234,85786.56542123827,40697.21905320656,122554.51979725977,142294.5116972043,253179.0148593816,270277.9106876508,555920.0746209061,99096.75822181739,389242.0352552554,69724.11196352876,105457.99860587012,359639.2607292143,623870.2922991829,142194.70293272147,91328.51629228021,491542.12918445515,302038.7094914013,33831.04160485896,426158.145453111,483118.6278098454,489141.8424349109,560126.4591104176,165378.17212316452,105508.23870394973,445607.7139261915,535305.7252794289,455097.32889997755,66067.17882995984,369025.85801050125,341701.36079875735,627091.4848507151,395826.4913746516,449345.3700434149,122778.6615920119,378889.96206750016,165977.7374730126,622438.6175386392,113536.2580810456,70047.43791529426,259984.53168434632,48276.9287079484,
2022-06-21,161304.08720616292,104270.94462426187,452727.4117352989,404200.3028875668,71945.945554996,41760.780786204414,122647.60436309707,166047.36648818827,233727.10149626204,341814.18438750406,553084.5138939521,91995.46035194372,355457.1521175417,82461.12263922972,114877.420568109,354203.06932764896,518372.85599816963,167590.31414648006,89013.92310156334,506234.39456215675,350389.74562359793,27060.65975235202,460620.78975979396,515982.01486069604,452958.34043570433,458769.8780411526,167574.47234296493,93273.98345618472,501539.9795195725,511889.49908804026,551673.6263072232,63624.9660661094,414552.59328071476,346565.3241977676,596331.3558624396,392027.03436818934,536162.2041855446,117573.17542396067,394362.79003760335,218520.30661718658,596877.1792811971,129855.54988686819,63426.67502465566,235086.5238842682,48599.31163583794,
2022-06-22,164055.14195641584,110685.06218136879,497018.78080867743,387745.3988673456,66686.25865655739,37555.71329440827,129376.68524552851,144292.35113367878,233590.3050575601,346101.0450991509,574217.6640576891,90435.78138203098,420316.94572028215,80336.63284163062,112025.55856030203,376845.4542355802,456029.77750789747,159135.01283232763,97829.40698356688,461185.7955367442,310584.3290917298,31531.253232022256,458202.08695934806,410021.15478028497,450629.02757623716,585915.1821847269,149543.39511009393,106827.99793723953,426348.17269273946,579522.1800050527,549754.6291286462,77976.12931581904,397013.9928695002,396322.66067342716,650046.0773639899,362083.2678724955,504978.38896312716,110768.31768854696,371263.32384579605,203349.99337391558,571271.051434961,131363.36383483905,69323.86600102545,227992.0480799496,40021.60075097085,
2022-06-23,168946.12499898163,110640.31446827544,444783.89730841224,456755.91367813706,78963.2986893383,43216.38900348452,120802.20621042386,142600.03595760994,261983.48768202943,301560.9793373525,589509.309508022,81114.8436280098,364875.44097293384,73802.17024073313,99928.64486307072,331895.7816886187,595641.6051884289,132699.34643019678,84027.89392687623,503102.74280981714,293609.2371554964,27479.811511340387,470781.87826052285,514374.9975039889,523294.64334944065,508570.03171405004,169323.4256503677,124999.76549145066,450842.89816762833,602962.2151030616,548557.0242130635,71117.99638090053,399964.3554421127,314484.86295320536,575401.326348802,412740.02303695487,496520.57630942855,118321.0047278984,411534.40639691654,213109.2202371442,612481.006220048,112019.8418956875,71116.08720204224,199457.82495155834,45494.31317322287,
2022-06-24,171758.59193922766,115442.42557373358,501307.70677085826,440434.4409980569,84176.55047251603,41055.35329543372,114296.3115629098,121033.8848977445,243090.06776112615,353363.3242445954,462191.96859727986,95634.3530500171,482297.2596133082,87310.49322188726,97636.94352948583,325378.53769437055,542653.1463265921,156761.79583514977,78563.70053544574,525653.753344751,300364.0539124027,29535.952202628752,486506.9761047081,482632.9620788365,430175.948596484,523568.32688272087,161581.43781423365,114452.7640648467,456177.23929821607,546443.7489182344,616931.5335937408,63939.41405448719,328359.44063534914,323858.4215599627,611365.4451481136,352318.8261673016,449940.6157868779,124857.31564826405,449006.35726776405,203272.6990215839,645759.5219521567,127849.73679184003,71838.77460214063,242768.92422989127,41123.2117690279,
2022-06-25,151246.43756701337,120965.9870909047,516606.1643104867,410858.5806378742,89608.8663023295,34666.66498805725,117353.22613017638,135033.6504815837,278897.1275720946,385757.99067149614,476060.5534703528,74179.35556487435,379567.46351152036,81223.84820797456,116437.40440619292,362400.0566765714,589990.7269404306,151975.2092221882,94715.1916600783,504061.3418169472,340884.83967156406,25783.030134790508,469459.02577096934,499174.3447049461,427779.4053142574,461241.77749399585,144038.64754434527,109231.61567160045,506931.56717919995,606072.7057173508,492842.98513381043,79328.53427049871,438786.9101330725,315704.80448802863,613169.7168961527,361397.1294291113,429069.81561676436,119823.03255027304,350216.1340990009,197937.5957757703,558722.8004834846,115183.37298132805,73193.66711648724,246686.6824421591,37177.68098349383,
2022-06-26,153933.02064013275,102521.92556693574,491560.29785052576,482243.8459320559,81578.45482746193,34448.87137304398,127533.26875426453,142376.90748788242,235106.25646815554,320234.21475828945,559350.2426024119,96703.33373200364,396056.19651018706,77005.84295546408,87533.40178479278,373127.74707119144,554084.5359080305,184426.27148054267,94836.51176278609,509400.54579719476,330238.3927738372,27547.698369556696,402158.75554883835,493001.98948011873,438648.5745531341,544342.8224278243,157952.97564334283,102588.0226525103,439957.0669986363,462194.0526450726,515360.4603712774,88936.7616001122,346089.88907387276,336564.4161828035,660113.3420550204,428722.6547347755,444603.5188810278,107809.46070463036,347941.8412892245,192823.3643449957,598073.9189822371,121740.79911848005,75743.36868835571,200896.48073231056,42496.68594892645,
2022-06-27,148375.91803800617,110886.8508588941,457753.0770796922,416849.8030588793,76012.90659817845,40809.205334673374,121406.91978092435,137457.86167696142,261643.49956492998,360159.3915269442,518635.76555676904,80960.46271270387,352980.299588415,80518.7728537509,112129.50026038486,365482.6923091281,561959.806518793,141470.3675840164,93745.97901500273,519876.0839082352,327349.0350008105,27001.49101447678,396264.08198645053,430481.2122525821,372421.4794516751,484416.7185341154,177823.76370160322,87274.30416653305,480408.9046124721,546230.166091588,423354.95762927295,84492.86490220556,429350.2031229066,341054.1123305771,508859.11373144557,405435.8759229242,487493.0754921974,131173.04019291577,352317.10164855793,202956.9591054979,639854.5100768474,134079.4202356336,66637.65918705234,255557.12106868424,47690.696130556,
2022-06-28,161440.12263700273,125281.6733282477,489319.22369204287,433191.47920997674,72744.99250115256,40127.3525319953,124681.37079854953,161513.97048881766,244080.50896305803,325024.902827899,607834.9822455684,92327.71918584617,447534.423610688,91478.08053477546,106155.55264650613,332957.84662026406,557816.19793634,144895.72002919216,93222.27673985975,493389.19800021325,306850.12352017855,30969.93007829046,428357.2231549511,411917.63832331763,393745.8173550386,519419.46169565665,181606.85630416422,92368.55671659377,492586.23100351443,546904.2971697302,524671.7274400822,74474.58859051346,413832.72897667263,329535.372906422,567707.5687378509,368236.41097034136,523159.941004967,94921.68772647582,427615.8056357609,192248.60689863344,505639.48964370694,128350.55677434393,66688.893563406,248643.87321874328,44707.95894890395,
2022-06-29,156674.50039186332,105344.0347472895,459840.3209495207,441377.0331540231,78414.37692782869,40511.49175734215,127884.4766870224,143518.717904186,258989.66840262653,331868.48781255673,536225.7248868576,91058.0901956614,429055.04841338936,88321.0245223384,123200.79445574898,375307.26753243,572321.1894427495,178324.34281085822,87962.56962340794,549492.3011419534,327675.7063642536,30795.18389851514,415569.254835212,444502.47464257287,392497.5455104775,503754.86161086085,169318.59421982223,113895.98344826391,444485.91425264266,516754.12636881607,529861.6573937458,76093.71044907231,400237.4543844975,359709.9552275679,629323.2487224977,387809.48666968686,524497.9822460702,117214.34898344731,410523.4240213725,210855.1364234274,595549.4838782876,128501.15293770623,78731.75500736057,255515.5762681842,50497.275829893784,
2022-06-30,158290.6818065537,104639.18106064055,507018.0466267473,410661.92705897737,76466.99283744366,40758.01878734133,117738.05804415492,160428.84944741873,232064.37057664013,392172.9782716696,464961.63312415924,100536.22581512369,403141.1640663074,83380.44945593446,105639.14115047037,334825.9918379629,640836.8298069045,181557.94967494207,95964.94087681071,580522.8085473804,297174.27266399335,29353.03263842292,387978.75117083685,493080.331819179,430326.0217705191,597559.2601989856,144880.4310360783,96769.19341370545,436419.6729519175,653299.323127046,521483.00677538395,81439.990542976,356400.7538529527,314613.44272362534,662201.6360534575,383788.40793871426,513862.9225290904,115523.92470084812,374817.0342328374,172142.28018351598,577757.2513603537,139187.98311321068,74894.8752878152,245229.38490775324,43526.85032417823,
2022-07-01,372356.64715149294,113819.77859285395,389812.197400275,448367.1752711404,71980.76172268283,41586.58414409958,128721.19658982636,146155.70727920593,236944.08156048064,335497.86426090606,494293.48207985476,90620.58227031294,351359.1125365223,88430.00626658688,114972.38435586619,341157.94131731556,584182.549510041,154019.8653745003,89948.54816444687,501360.69637594966,306797.6679756828,24982.00262859051,407625.5426571432,491667.52336909494,396172.8658793748,593044.6312777317,166413.96009499623,97517.08537863746,425857.6605871193,545758.7863947109,589226.558700862,82866.02318813256,387207.40791644674,357058.3462106778,600637.788499676,295826.2966979796,460319.9941521355,122995.93210378064,380033.7000762505,188623.46824551234,591899.3400109942,110883.45193658904,68338.51693826757,246544.37525915646,51242.01757617965,
2022-07-02,369244.25025955576,119573.1660771623,450021.64075106784,413642.0316221112,91182.99570867259,43946.34256514171,125056.50242408169,145870.91920516788,235752.15649649207,363689.36940991983,429088.99245264253,86829.32362229741,400424.06255580107,76431.70973498578,105114.05339157958,329127.16486388457,473541.1043536811,155499.0974763361,86759.54374079648,540916.7321715453,337612.27917182463,27541.53642876946,406716.16336731607,409437.4857072628,407313.9706161634,508670.63401549595,171028.9327028009,101926.57496441774,428935.77037847566,530767.6067265935,578113.4148840745,73950.10893618834,368155.1802846858,345205.7243337072,575519.781577946,351602.84099117114,490144.83122119604,127016.80490032854,354172.69763603096,229419.44310040722,574294.8752119432,108086.79932425733,69938.7884559624,244052.2225189331,42970.73035527107,
2022-07-03,357853.9088307029,112109.38565160538,381398.70896094333,417852.719802326,89530.98672919959,37218.4210611944,109387.53720975538,144404.62391176925,219720.6926269292,298218.7635207028,539792.4956498174,88208.60563508047,358458.98963884363,84475.08919111914,109363.6671184862,393070.0805718334,561443.8552708639,171855.20016407288,88025.03496268089,510723.52575857943,335217.9590790081,26335.571618470898,397334.385657551,422598.5640404131,438279.01235117036,506864.4709940089,169425.68250202262,94519.08648598735,468774.13951617654,549803.7471149828,538994.9924166135,76247.81236257938,383456.70351869974,330630.01622959937,625014.251367237,377551.89217523683,476608.42824639,132512.09168802688,405905.74297097727,187290.55423561623,604892.3455755508,110179.44364034534,69964.16856061699,250570.2569871161,42189.143146463415,
2022-07-04,368217.4079586924,123915.23309248209,402281.0221208151,479183.4563764883,85462.6882486755,37019.511320510544,135382.96309701467,145481.94198716508,251071.18087201891,402973.04349833366,541805.4683036215,101296.30110720781,439855.9942787372,85249.93064437972,115465.39737825209,374052.3029227966,591575.32967156,133290.21230470683,104871.0550514266,535930.0064902167,288693.7722262432,30349.52098090791,411325.26629598555,433977.0930569044,431376.79791611753,488848.9399501559,170184.64721949256,93157.87990308815,446135.90325247566,460754.4145876722,519346.7360669075,77868.60040187454,374920.4856769131,322610.2937774304,630274.9558346572,368278.80366106465,481310.5738936023,114627.27273730865,367409.0722154725,193401.06812417632,690378.2928853462,115215.8522081548,70722.02419544903,200202.5023029493,37523.641443310866,
2022-07-05,389853.3340339329,119684.35580491394,516844.25186758465,396112.1790472649,72571.2613383536,37276.52874772999,116515.50843835776,165435.9898493103,250877.62604708035,367629.7861830745,531416.201104292,95878.88645279813,419279.4819612905,81089.93955336194,104210.01856480399,373242.64180872595,594230.1928080566,139394.73740586804,77747.22321805927,585929.8690581515,291861.4934366286,31109.796674596924,466160.2527943044,448752.3669383362,395823.5818706543,553707.8579856127,164782.64370825115,102878.35083564957,446389.9229329076,515311.2030690023,584392.5618213397,79409.23887047349,320175.37389683153,395196.6870249944,572363.0321640879,386587.9506085757,568906.5231759043,127259.14206109692,371041.46000834444,183244.70273738285,582800.6705959832,93805.50097862435,73211.42568178565,206157.24056000373,46270.580873874394,
2022-07-06,373617.36265169573,119550.18113291152,505192.7848995203,348680.1839914323,83701.36243675108,41793.63154144426,105306.50053442732,118449.05114040678,253366.29759896445,345600.24908795825,597574.7613335018,89098.33138924756,396794.04062613973,87192.12629976649,119601.04297094076,391533.6209061225,523573.8523417563,160102.68524204704,93887.15113270243,541894.0461674243,316029.28425535833,31246.405262482906,436793.16698381846,415577.00749589514,384327.55565848376,498679.9579744189,159201.49787089165,95928.17529031576,401568.11147332203,591821.6733628269,544028.8918028019,75230.37317150226,416900.6264821194,309317.4947280269,604892.0056775545,413348.3360960516,420228.6830198098,123459.1976849549,397380.3031897468,202463.27615597946,612267.5991679062,117534.51563558444,84850.08430644764,220496.88646195614,41023.90433294488,
2022-07-07,374124.0033463014,116972.19603016283,439481.4839604352,487766.1307206993,82351.40703869855,44917.89893153361,111230.24119536893,122149.74414385691,272227.88743309805,366869.25699942076,602839.8734829304,90195.54126357926,317034.29723423836,78996.34476504436,100636.57407104521,436118.7750853749,592592.85355645,184088.39751076256,78150.69649760339,446831.03419712593,356569.16767485155,26751.853991832962,519083.22143644467,412105.3452052636,446178.37203566456,493473.002864365,152335.73549414918,97171.94237689883,406539.105941887,521057.8051377826,505674.27364907373,75309.40111966962,380085.61501649197,338836.5624569269,644976.1001930651,369342.5622509806,480000.06725824904,104911.29065511665,373226.54414705955,185552.58538235916,693782.3707741384,113822.33415038712,71614.72787023842,231858.8888855763,40396.97426720874,
2022-07-08,389001.57649960986,132864.07739236963,403585.25518325553,520203.050157818,81116.22123786723,39439.86545880304,111463.27258507465,139117.9680555946,268089.9162397613,311164.53166831046,542597.417214655,80408.33135501754,362806.87747959443,87693.3697151268,111683.16722196987,307331.4759251889,582306.3692127168,158071.84438580077,89495.89485859375,539616.943893922,265292.28185265436,21622.334666395094,430608.4673154257,431627.26604311576,429664.51548527647,549776.6013413827,135815.9436889065,96839.9719022361,520120.7130119638,512282.2590735292,458652.4760984006,84433.68804125792,367730.4077963359,311085.807747919,678446.2282365267,347017.9015211818,536605.5422189243,140036.5925100842,371802.6619605937,194238.1996119619,571978.8593349302,126221.77837400806,74283.21261047441,241567.15167554992,47032.019990843,
2022-07-09,387887.74255009904,110168.63814132834,345844.53162252496,418072.8759958246,86174.7697966282,32674.01638691464,121884.46907726511,145606.80473985695,230969.88743024127,383899.81506773527,456152.9298554484,94791.68489139655,415453.9599794802,87976.72945926126,117775.82649933557,334982.19122032926,653633.5478040266,165103.51096378887,87145.8312116991,572061.792740338,320280.9745147365,24049.03320170064,414462.4513314707,468849.76824291504,347591.9392900722,484255.3086922373,164480.046901884,107612.0448777909,432913.69471177884,606143.3742237976,518844.7260737184,83397.6496750457,365418.87622444687,378224.40233844175,624330.0085715451,388945.8874522467,431816.8176272941,107563.75890720899,379246.00629790314,210555.29341269776,685163.37669963,122022.07749239543,61026.19260441707,240377.78590894758,46654.985638670914,
2022-07-10,364013.58623042144,94054.31979667817,443755.4012039214,365131.857574312,82324.7375441536,35280.88861327727,118718.70330023025,153467.15254411846,246859.60284448374,341630.51274460997,577260.9349620581,78991.51980646349,431996.8928473668,64593.629718562865,115535.97245320078,338462.60575811146,509549.4554207071,178636.43900802376,75219.07391931332,511474.21530363517,278815.061328587,31905.257518857507,426135.3834361208,419013.3045577605,393405.0636866922,507231.25019862904,162512.52212761794,101377.24798512418,411218.13629932376,607492.1560322458,575575.5870435073,78944.0830341943,393538.74599421246,354428.02777101885,591400.4358648581,369188.2695324406,463991.20087522664,125634.34030017516,403035.8604745699,186144.10626373353,598559.8086638601,112542.74371304213,67807.2989977049,255230.4871147864,46648.51653530886,
2022-07-11,380451.74408986664,126382.01948537234,568461.277318398,421349.2745655801,82980.57856378022,38127.13594942624,118107.13892215796,150942.1523797719,229457.98489986674,344995.0545226384,574535.9208407347,97463.83437314889,428729.5950993381,92280.21404272236,128767.90680993044,331779.7067427376,520070.0773059359,191386.4019450814,93087.28807727668,562179.6870385618,297405.6201724447,27816.680313327957,440904.9340715207,467770.9710109675,415292.0045761214,446271.1086388632,167271.8543145536,101819.79645601069,500518.5391865497,571356.5211951985,653332.303621339,86497.57366803737,355214.1334818774,312988.6079441799,586770.0785415386,374360.9255036335,468480.3033786104,125347.10755006417,428837.27677262283,209604.86837672698,683594.4235731107,126234.52360469513,77478.66128570677,255818.8319657373,41736.5158636965,
2022-07-12,386933.6953366846,107905.75851482422,492672.91236186575,422187.89406737563,82334.35889693316,39026.830155626856,127395.3018269674,140967.06294334368,244672.67934593375,336926.06109897996,563711.4144961742,92880.53030583146,343634.24908907927,63714.171835919056,104439.34169316996,325321.2636045141,528798.8354424132,156222.8436958458,87532.86507812684,491957.38062110724,304170.56050555274,27188.670812472115,450848.2369281945,518591.78299582785,439839.55811200256,550357.6356089191,142994.74784625467,108228.3938180362,460478.2541396213,528687.6619404522,554673.057447146,73689.07889401943,313547.30632424424,344519.92327583756,615598.254993594,370245.17175375466,480445.6980614996,124235.3835626932,396673.8788998513,210135.1373074875,634212.9544276894,128540.60316058983,72814.30508099007,217940.7176447571,43213.044078082115,
2022-07-13,396206.5634695507,112973.67100339284,454441.5163044343,425516.62012694293,80478.48599219136,39514.86772544051,124678.12160393325,157294.36810417488,232668.54696403298,334429.0474166843,593288.4460093754,109490.0158069436,403287.22568427824,80104.38651590694,99021.8922922226,347477.45312149596,520815.03552644624,163560.385938738,75116.67714747746,458822.8888196694,302764.9520248529,33137.629431680565,512438.459915284,425502.92474428256,445780.6644318055,606217.2640474774,168392.0004053224,102121.68657905808,473207.7426779996,538153.0527528446,518070.0467080319,85912.76220392519,395028.31944775925,337771.24034748046,583866.0221466058,447083.31437090755,426726.7334276441,116745.51893492133,403277.1241090373,213805.9999338028,613004.5842864043,113717.82327899244,45773.83726724317,238763.87763556014,43325.30846940807,
2022-07-14,383808.649169861,123741.30946618486,501965.3358030297,393595.6668769142,67163.98734167733,40975.545712300474,124446.7512299582,157424.11849211124,281673.4647203673,370211.60071115417,498834.4491074801,83843.31159421527,425779.19495343196,91168.30833686996,104166.6206104897,321361.8288198472,503477.40243111114,187654.42921766758,96341.11228087134,526585.7104837584,299925.468823867,32611.45545803207,411327.35576534097,475948.95014930423,429650.1022206496,559939.71699925,186448.52428866495,100996.06233872502,452218.94089617603,513367.52567091654,506108.9090721359,79340.12847345803,398455.3077572531,317270.42297667084,598260.1901901006,311138.95053851086,512480.4373592143,129599.516107213,372867.0462544292,199382.68248434676,595163.6527870191,118186.73478869323,74347.68996889573,218400.93417769394,46998.59635485147,
